area_name,simple_area_name,cpi_fips,qcew_fips,sae_fips,oi_id,industry_code,qtrly_estabs_count,avg_wkly_wage,employment,date
"Atlanta-Sandy Springs-Roswell, GA",Atlanta,S35C,C1206,1312060,36,722511,5047,552,104252,2023-03-01
"Atlanta-Sandy Springs-Roswell, GA",Atlanta,S35C,C1206,1312060,36,722511,5047,552,103779,2023-02-01
"Atlanta-Sandy Springs-Roswell, GA",Atlanta,S35C,C1206,1312060,36,722511,5047,552,102255,2023-01-01
"Atlanta-Sandy Springs-Roswell, GA",Atlanta,S35C,C1206,1312060,36,722511,5469,555,104178,2022-12-01
"Atlanta-Sandy Springs-Roswell, GA",Atlanta,S35C,C1206,1312060,36,722511,5469,555,103821,2022-11-01
"Atlanta-Sandy Springs-Roswell, GA",Atlanta,S35C,C1206,1312060,36,722511,5469,555,103313,2022-10-01
"Atlanta-Sandy Springs-Roswell, GA",Atlanta,S35C,C1206,1312060,36,722511,5416,554,103062,2022-09-01
"Atlanta-Sandy Springs-Roswell, GA",Atlanta,S35C,C1206,1312060,36,722511,5416,554,104641,2022-08-01
"Atlanta-Sandy Springs-Roswell, GA",Atlanta,S35C,C1206,1312060,36,722511,5416,554,105424,2022-07-01
"Atlanta-Sandy Springs-Roswell, GA",Atlanta,S35C,C1206,1312060,36,722511,5307,538,104877,2022-06-01
"Atlanta-Sandy Springs-Roswell, GA",Atlanta,S35C,C1206,1312060,36,722511,5307,538,103431,2022-05-01
"Atlanta-Sandy Springs-Roswell, GA",Atlanta,S35C,C1206,1312060,36,722511,5307,538,101520,2022-04-01
"Atlanta-Sandy Springs-Roswell, GA",Atlanta,S35C,C1206,1312060,36,722511,5152,NA,NA,2022-03-01
"Atlanta-Sandy Springs-Roswell, GA",Atlanta,S35C,C1206,1312060,36,722511,5152,NA,NA,2022-02-01
"Atlanta-Sandy Springs-Roswell, GA",Atlanta,S35C,C1206,1312060,36,722511,5152,NA,NA,2022-01-01
"Atlanta-Sandy Springs-Roswell, GA",Atlanta,S35C,C1206,1312060,36,722511,5090,NA,NA,2021-12-01
"Atlanta-Sandy Springs-Roswell, GA",Atlanta,S35C,C1206,1312060,36,722511,5090,NA,NA,2021-11-01
"Atlanta-Sandy Springs-Roswell, GA",Atlanta,S35C,C1206,1312060,36,722511,5090,NA,NA,2021-10-01
"Atlanta-Sandy Springs-Roswell, GA",Atlanta,S35C,C1206,1312060,36,722511,4999,NA,NA,2021-09-01
"Atlanta-Sandy Springs-Roswell, GA",Atlanta,S35C,C1206,1312060,36,722511,4999,NA,NA,2021-08-01
"Atlanta-Sandy Springs-Roswell, GA",Atlanta,S35C,C1206,1312060,36,722511,4999,NA,NA,2021-07-01
"Atlanta-Sandy Springs-Roswell, GA",Atlanta,S35C,C1206,1312060,36,722511,4918,495,96721,2021-06-01
"Atlanta-Sandy Springs-Roswell, GA",Atlanta,S35C,C1206,1312060,36,722511,4918,495,93964,2021-05-01
"Atlanta-Sandy Springs-Roswell, GA",Atlanta,S35C,C1206,1312060,36,722511,4918,495,90988,2021-04-01
"Atlanta-Sandy Springs-Roswell, GA",Atlanta,S35C,C1206,1312060,36,722511,4827,440,88990,2021-03-01
"Atlanta-Sandy Springs-Roswell, GA",Atlanta,S35C,C1206,1312060,36,722511,4827,440,87925,2021-02-01
"Atlanta-Sandy Springs-Roswell, GA",Atlanta,S35C,C1206,1312060,36,722511,4827,440,86366,2021-01-01
"Atlanta-Sandy Springs-Roswell, GA",Atlanta,S35C,C1206,1312060,36,722511,4725,457,86847,2020-12-01
"Atlanta-Sandy Springs-Roswell, GA",Atlanta,S35C,C1206,1312060,36,722511,4725,457,86457,2020-11-01
"Atlanta-Sandy Springs-Roswell, GA",Atlanta,S35C,C1206,1312060,36,722511,4725,457,85050,2020-10-01
"Atlanta-Sandy Springs-Roswell, GA",Atlanta,S35C,C1206,1312060,36,722511,4655,435,82699,2020-09-01
"Atlanta-Sandy Springs-Roswell, GA",Atlanta,S35C,C1206,1312060,36,722511,4655,435,81195,2020-08-01
"Atlanta-Sandy Springs-Roswell, GA",Atlanta,S35C,C1206,1312060,36,722511,4655,435,78676,2020-07-01
"Atlanta-Sandy Springs-Roswell, GA",Atlanta,S35C,C1206,1312060,36,722511,4575,384,77518,2020-06-01
"Atlanta-Sandy Springs-Roswell, GA",Atlanta,S35C,C1206,1312060,36,722511,4575,384,63437,2020-05-01
"Atlanta-Sandy Springs-Roswell, GA",Atlanta,S35C,C1206,1312060,36,722511,4575,384,43920,2020-04-01
"Atlanta-Sandy Springs-Roswell, GA",Atlanta,S35C,C1206,1312060,36,722511,4645,423,101499,2020-03-01
"Atlanta-Sandy Springs-Roswell, GA",Atlanta,S35C,C1206,1312060,36,722511,4645,423,107202,2020-02-01
"Atlanta-Sandy Springs-Roswell, GA",Atlanta,S35C,C1206,1312060,36,722511,4645,423,106100,2020-01-01
"Atlanta-Sandy Springs-Roswell, GA",Atlanta,S35C,C1206,1312060,36,722511,4546,436,107132,2019-12-01
"Atlanta-Sandy Springs-Roswell, GA",Atlanta,S35C,C1206,1312060,36,722511,4546,436,106939,2019-11-01
"Atlanta-Sandy Springs-Roswell, GA",Atlanta,S35C,C1206,1312060,36,722511,4546,436,107135,2019-10-01
"Atlanta-Sandy Springs-Roswell, GA",Atlanta,S35C,C1206,1312060,36,722511,4463,430,107213,2019-09-01
"Atlanta-Sandy Springs-Roswell, GA",Atlanta,S35C,C1206,1312060,36,722511,4463,430,108666,2019-08-01
"Atlanta-Sandy Springs-Roswell, GA",Atlanta,S35C,C1206,1312060,36,722511,4463,430,108803,2019-07-01
"Atlanta-Sandy Springs-Roswell, GA",Atlanta,S35C,C1206,1312060,36,722511,4408,425,108963,2019-06-01
"Atlanta-Sandy Springs-Roswell, GA",Atlanta,S35C,C1206,1312060,36,722511,4408,425,109105,2019-05-01
"Atlanta-Sandy Springs-Roswell, GA",Atlanta,S35C,C1206,1312060,36,722511,4408,425,107705,2019-04-01
"Atlanta-Sandy Springs-Roswell, GA",Atlanta,S35C,C1206,1312060,36,722511,4385,418,107475,2019-03-01
"Atlanta-Sandy Springs-Roswell, GA",Atlanta,S35C,C1206,1312060,36,722511,4385,418,106636,2019-02-01
"Atlanta-Sandy Springs-Roswell, GA",Atlanta,S35C,C1206,1312060,36,722511,4385,418,106150,2019-01-01
"Boston-Cambridge-Newton, MA-NH",Boston,S11A,C1446,2571650,25,722511,4299,661,97373,2023-03-01
"Boston-Cambridge-Newton, MA-NH",Boston,S11A,C1446,2571650,25,722511,4299,661,96257,2023-02-01
"Boston-Cambridge-Newton, MA-NH",Boston,S11A,C1446,2571650,25,722511,4299,661,96562,2023-01-01
"Boston-Cambridge-Newton, MA-NH",Boston,S11A,C1446,2571650,25,722511,4336,686,98193,2022-12-01
"Boston-Cambridge-Newton, MA-NH",Boston,S11A,C1446,2571650,25,722511,4336,686,98509,2022-11-01
"Boston-Cambridge-Newton, MA-NH",Boston,S11A,C1446,2571650,25,722511,4336,686,99114,2022-10-01
"Boston-Cambridge-Newton, MA-NH",Boston,S11A,C1446,2571650,25,722511,4341,698,99082,2022-09-01
"Boston-Cambridge-Newton, MA-NH",Boston,S11A,C1446,2571650,25,722511,4341,698,103833,2022-08-01
"Boston-Cambridge-Newton, MA-NH",Boston,S11A,C1446,2571650,25,722511,4341,698,103818,2022-07-01
"Boston-Cambridge-Newton, MA-NH",Boston,S11A,C1446,2571650,25,722511,4331,655,103175,2022-06-01
"Boston-Cambridge-Newton, MA-NH",Boston,S11A,C1446,2571650,25,722511,4331,655,98481,2022-05-01
"Boston-Cambridge-Newton, MA-NH",Boston,S11A,C1446,2571650,25,722511,4331,655,95162,2022-04-01
"Boston-Cambridge-Newton, MA-NH",Boston,S11A,C1446,2571650,25,722511,4313,577,91473,2022-03-01
"Boston-Cambridge-Newton, MA-NH",Boston,S11A,C1446,2571650,25,722511,4313,577,89075,2022-02-01
"Boston-Cambridge-Newton, MA-NH",Boston,S11A,C1446,2571650,25,722511,4313,577,88559,2022-01-01
"Boston-Cambridge-Newton, MA-NH",Boston,S11A,C1446,2571650,25,722511,4310,679,92027,2021-12-01
"Boston-Cambridge-Newton, MA-NH",Boston,S11A,C1446,2571650,25,722511,4310,679,91600,2021-11-01
"Boston-Cambridge-Newton, MA-NH",Boston,S11A,C1446,2571650,25,722511,4310,679,91553,2021-10-01
"Boston-Cambridge-Newton, MA-NH",Boston,S11A,C1446,2571650,25,722511,4266,642,89649,2021-09-01
"Boston-Cambridge-Newton, MA-NH",Boston,S11A,C1446,2571650,25,722511,4266,642,92788,2021-08-01
"Boston-Cambridge-Newton, MA-NH",Boston,S11A,C1446,2571650,25,722511,4266,642,92283,2021-07-01
"Boston-Cambridge-Newton, MA-NH",Boston,S11A,C1446,2571650,25,722511,4231,600,87445,2021-06-01
"Boston-Cambridge-Newton, MA-NH",Boston,S11A,C1446,2571650,25,722511,4231,600,79896,2021-05-01
"Boston-Cambridge-Newton, MA-NH",Boston,S11A,C1446,2571650,25,722511,4231,600,73627,2021-04-01
"Boston-Cambridge-Newton, MA-NH",Boston,S11A,C1446,2571650,25,722511,4164,522,66358,2021-03-01
"Boston-Cambridge-Newton, MA-NH",Boston,S11A,C1446,2571650,25,722511,4164,522,62384,2021-02-01
"Boston-Cambridge-Newton, MA-NH",Boston,S11A,C1446,2571650,25,722511,4164,522,60101,2021-01-01
"Boston-Cambridge-Newton, MA-NH",Boston,S11A,C1446,2571650,25,722511,4184,554,65586,2020-12-01
"Boston-Cambridge-Newton, MA-NH",Boston,S11A,C1446,2571650,25,722511,4184,554,70343,2020-11-01
"Boston-Cambridge-Newton, MA-NH",Boston,S11A,C1446,2571650,25,722511,4184,554,72457,2020-10-01
"Boston-Cambridge-Newton, MA-NH",Boston,S11A,C1446,2571650,25,722511,4186,538,72238,2020-09-01
"Boston-Cambridge-Newton, MA-NH",Boston,S11A,C1446,2571650,25,722511,4186,538,71011,2020-08-01
"Boston-Cambridge-Newton, MA-NH",Boston,S11A,C1446,2571650,25,722511,4186,538,65826,2020-07-01
"Boston-Cambridge-Newton, MA-NH",Boston,S11A,C1446,2571650,25,722511,4140,515,49473,2020-06-01
"Boston-Cambridge-Newton, MA-NH",Boston,S11A,C1446,2571650,25,722511,4140,515,37642,2020-05-01
"Boston-Cambridge-Newton, MA-NH",Boston,S11A,C1446,2571650,25,722511,4140,515,25241,2020-04-01
"Boston-Cambridge-Newton, MA-NH",Boston,S11A,C1446,2571650,25,722511,4287,513,96386,2020-03-01
"Boston-Cambridge-Newton, MA-NH",Boston,S11A,C1446,2571650,25,722511,4287,513,104557,2020-02-01
"Boston-Cambridge-Newton, MA-NH",Boston,S11A,C1446,2571650,25,722511,4287,513,104754,2020-01-01
"Boston-Cambridge-Newton, MA-NH",Boston,S11A,C1446,2571650,25,722511,4314,542,107172,2019-12-01
"Boston-Cambridge-Newton, MA-NH",Boston,S11A,C1446,2571650,25,722511,4314,542,107341,2019-11-01
"Boston-Cambridge-Newton, MA-NH",Boston,S11A,C1446,2571650,25,722511,4314,542,107706,2019-10-01
"Boston-Cambridge-Newton, MA-NH",Boston,S11A,C1446,2571650,25,722511,4304,527,108686,2019-09-01
"Boston-Cambridge-Newton, MA-NH",Boston,S11A,C1446,2571650,25,722511,4304,527,112395,2019-08-01
"Boston-Cambridge-Newton, MA-NH",Boston,S11A,C1446,2571650,25,722511,4304,527,112764,2019-07-01
"Boston-Cambridge-Newton, MA-NH",Boston,S11A,C1446,2571650,25,722511,4301,519,113965,2019-06-01
"Boston-Cambridge-Newton, MA-NH",Boston,S11A,C1446,2571650,25,722511,4301,519,110665,2019-05-01
"Boston-Cambridge-Newton, MA-NH",Boston,S11A,C1446,2571650,25,722511,4301,519,107475,2019-04-01
"Boston-Cambridge-Newton, MA-NH",Boston,S11A,C1446,2571650,25,722511,4286,495,105282,2019-03-01
"Boston-Cambridge-Newton, MA-NH",Boston,S11A,C1446,2571650,25,722511,4286,495,104129,2019-02-01
"Boston-Cambridge-Newton, MA-NH",Boston,S11A,C1446,2571650,25,722511,4286,495,105254,2019-01-01
"Dallas-Fort Worth-Arlington, TX",Dallas,S37A,C1910,4819100,7,722511,5629,569,138101,2023-03-01
"Dallas-Fort Worth-Arlington, TX",Dallas,S37A,C1910,4819100,7,722511,5629,569,136492,2023-02-01
"Dallas-Fort Worth-Arlington, TX",Dallas,S37A,C1910,4819100,7,722511,5629,569,136184,2023-01-01
"Dallas-Fort Worth-Arlington, TX",Dallas,S37A,C1910,4819100,7,722511,5688,577,136501,2022-12-01
"Dallas-Fort Worth-Arlington, TX",Dallas,S37A,C1910,4819100,7,722511,5688,577,136830,2022-11-01
"Dallas-Fort Worth-Arlington, TX",Dallas,S37A,C1910,4819100,7,722511,5688,577,136498,2022-10-01
"Dallas-Fort Worth-Arlington, TX",Dallas,S37A,C1910,4819100,7,722511,5654,575,136311,2022-09-01
"Dallas-Fort Worth-Arlington, TX",Dallas,S37A,C1910,4819100,7,722511,5654,575,137316,2022-08-01
"Dallas-Fort Worth-Arlington, TX",Dallas,S37A,C1910,4819100,7,722511,5654,575,137870,2022-07-01
"Dallas-Fort Worth-Arlington, TX",Dallas,S37A,C1910,4819100,7,722511,5590,564,137236,2022-06-01
"Dallas-Fort Worth-Arlington, TX",Dallas,S37A,C1910,4819100,7,722511,5590,564,135855,2022-05-01
"Dallas-Fort Worth-Arlington, TX",Dallas,S37A,C1910,4819100,7,722511,5590,564,134382,2022-04-01
"Dallas-Fort Worth-Arlington, TX",Dallas,S37A,C1910,4819100,7,722511,5582,531,131274,2022-03-01
"Dallas-Fort Worth-Arlington, TX",Dallas,S37A,C1910,4819100,7,722511,5582,531,129420,2022-02-01
"Dallas-Fort Worth-Arlington, TX",Dallas,S37A,C1910,4819100,7,722511,5582,531,127857,2022-01-01
"Dallas-Fort Worth-Arlington, TX",Dallas,S37A,C1910,4819100,7,722511,5549,571,130852,2021-12-01
"Dallas-Fort Worth-Arlington, TX",Dallas,S37A,C1910,4819100,7,722511,5549,571,129269,2021-11-01
"Dallas-Fort Worth-Arlington, TX",Dallas,S37A,C1910,4819100,7,722511,5549,571,128638,2021-10-01
"Dallas-Fort Worth-Arlington, TX",Dallas,S37A,C1910,4819100,7,722511,5514,535,127119,2021-09-01
"Dallas-Fort Worth-Arlington, TX",Dallas,S37A,C1910,4819100,7,722511,5514,535,128657,2021-08-01
"Dallas-Fort Worth-Arlington, TX",Dallas,S37A,C1910,4819100,7,722511,5514,535,129409,2021-07-01
"Dallas-Fort Worth-Arlington, TX",Dallas,S37A,C1910,4819100,7,722511,5428,533,127631,2021-06-01
"Dallas-Fort Worth-Arlington, TX",Dallas,S37A,C1910,4819100,7,722511,5428,533,123687,2021-05-01
"Dallas-Fort Worth-Arlington, TX",Dallas,S37A,C1910,4819100,7,722511,5428,533,119933,2021-04-01
"Dallas-Fort Worth-Arlington, TX",Dallas,S37A,C1910,4819100,7,722511,5371,468,115335,2021-03-01
"Dallas-Fort Worth-Arlington, TX",Dallas,S37A,C1910,4819100,7,722511,5371,468,110469,2021-02-01
"Dallas-Fort Worth-Arlington, TX",Dallas,S37A,C1910,4819100,7,722511,5371,468,110400,2021-01-01
"Dallas-Fort Worth-Arlington, TX",Dallas,S37A,C1910,4819100,7,722511,5359,481,112487,2020-12-01
"Dallas-Fort Worth-Arlington, TX",Dallas,S37A,C1910,4819100,7,722511,5359,481,112114,2020-11-01
"Dallas-Fort Worth-Arlington, TX",Dallas,S37A,C1910,4819100,7,722511,5359,481,110545,2020-10-01
"Dallas-Fort Worth-Arlington, TX",Dallas,S37A,C1910,4819100,7,722511,5317,461,106683,2020-09-01
"Dallas-Fort Worth-Arlington, TX",Dallas,S37A,C1910,4819100,7,722511,5317,461,103835,2020-08-01
"Dallas-Fort Worth-Arlington, TX",Dallas,S37A,C1910,4819100,7,722511,5317,461,101161,2020-07-01
"Dallas-Fort Worth-Arlington, TX",Dallas,S37A,C1910,4819100,7,722511,5269,426,103615,2020-06-01
"Dallas-Fort Worth-Arlington, TX",Dallas,S37A,C1910,4819100,7,722511,5269,426,86400,2020-05-01
"Dallas-Fort Worth-Arlington, TX",Dallas,S37A,C1910,4819100,7,722511,5269,426,60531,2020-04-01
"Dallas-Fort Worth-Arlington, TX",Dallas,S37A,C1910,4819100,7,722511,5337,452,130971,2020-03-01
"Dallas-Fort Worth-Arlington, TX",Dallas,S37A,C1910,4819100,7,722511,5337,452,134773,2020-02-01
"Dallas-Fort Worth-Arlington, TX",Dallas,S37A,C1910,4819100,7,722511,5337,452,134021,2020-01-01
"Dallas-Fort Worth-Arlington, TX",Dallas,S37A,C1910,4819100,7,722511,5285,465,137153,2019-12-01
"Dallas-Fort Worth-Arlington, TX",Dallas,S37A,C1910,4819100,7,722511,5285,465,136761,2019-11-01
"Dallas-Fort Worth-Arlington, TX",Dallas,S37A,C1910,4819100,7,722511,5285,465,136621,2019-10-01
"Dallas-Fort Worth-Arlington, TX",Dallas,S37A,C1910,4819100,7,722511,5253,446,137274,2019-09-01
"Dallas-Fort Worth-Arlington, TX",Dallas,S37A,C1910,4819100,7,722511,5253,446,138516,2019-08-01
"Dallas-Fort Worth-Arlington, TX",Dallas,S37A,C1910,4819100,7,722511,5253,446,138850,2019-07-01
"Dallas-Fort Worth-Arlington, TX",Dallas,S37A,C1910,4819100,7,722511,5222,452,138621,2019-06-01
"Dallas-Fort Worth-Arlington, TX",Dallas,S37A,C1910,4819100,7,722511,5222,452,137185,2019-05-01
"Dallas-Fort Worth-Arlington, TX",Dallas,S37A,C1910,4819100,7,722511,5222,452,135722,2019-04-01
"Dallas-Fort Worth-Arlington, TX",Dallas,S37A,C1910,4819100,7,722511,5177,442,133699,2019-03-01
"Dallas-Fort Worth-Arlington, TX",Dallas,S37A,C1910,4819100,7,722511,5177,442,132635,2019-02-01
"Dallas-Fort Worth-Arlington, TX",Dallas,S37A,C1910,4819100,7,722511,5177,442,131842,2019-01-01
"Los Angeles-Long Beach-Anaheim, CA",Los Angeles,S49A,C3108,0631080,1,722511,11000,692,231398,2023-03-01
"Los Angeles-Long Beach-Anaheim, CA",Los Angeles,S49A,C3108,0631080,1,722511,11000,692,230116,2023-02-01
"Los Angeles-Long Beach-Anaheim, CA",Los Angeles,S49A,C3108,0631080,1,722511,11000,692,227034,2023-01-01
"Los Angeles-Long Beach-Anaheim, CA",Los Angeles,S49A,C3108,0631080,1,722511,11066,692,231038,2022-12-01
"Los Angeles-Long Beach-Anaheim, CA",Los Angeles,S49A,C3108,0631080,1,722511,11066,692,231839,2022-11-01
"Los Angeles-Long Beach-Anaheim, CA",Los Angeles,S49A,C3108,0631080,1,722511,11066,692,230802,2022-10-01
"Los Angeles-Long Beach-Anaheim, CA",Los Angeles,S49A,C3108,0631080,1,722511,10955,702,230297,2022-09-01
"Los Angeles-Long Beach-Anaheim, CA",Los Angeles,S49A,C3108,0631080,1,722511,10955,702,231238,2022-08-01
"Los Angeles-Long Beach-Anaheim, CA",Los Angeles,S49A,C3108,0631080,1,722511,10955,702,231916,2022-07-01
"Los Angeles-Long Beach-Anaheim, CA",Los Angeles,S49A,C3108,0631080,1,722511,10872,676,231187,2022-06-01
"Los Angeles-Long Beach-Anaheim, CA",Los Angeles,S49A,C3108,0631080,1,722511,10872,676,229036,2022-05-01
"Los Angeles-Long Beach-Anaheim, CA",Los Angeles,S49A,C3108,0631080,1,722511,10872,676,226413,2022-04-01
"Los Angeles-Long Beach-Anaheim, CA",Los Angeles,S49A,C3108,0631080,1,722511,10782,628,222047,2022-03-01
"Los Angeles-Long Beach-Anaheim, CA",Los Angeles,S49A,C3108,0631080,1,722511,10782,628,219175,2022-02-01
"Los Angeles-Long Beach-Anaheim, CA",Los Angeles,S49A,C3108,0631080,1,722511,10782,628,214772,2022-01-01
"Los Angeles-Long Beach-Anaheim, CA",Los Angeles,S49A,C3108,0631080,1,722511,11089,678,220728,2021-12-01
"Los Angeles-Long Beach-Anaheim, CA",Los Angeles,S49A,C3108,0631080,1,722511,11089,678,219434,2021-11-01
"Los Angeles-Long Beach-Anaheim, CA",Los Angeles,S49A,C3108,0631080,1,722511,11089,678,217893,2021-10-01
"Los Angeles-Long Beach-Anaheim, CA",Los Angeles,S49A,C3108,0631080,1,722511,10979,653,213400,2021-09-01
"Los Angeles-Long Beach-Anaheim, CA",Los Angeles,S49A,C3108,0631080,1,722511,10979,653,212355,2021-08-01
"Los Angeles-Long Beach-Anaheim, CA",Los Angeles,S49A,C3108,0631080,1,722511,10979,653,209848,2021-07-01
"Los Angeles-Long Beach-Anaheim, CA",Los Angeles,S49A,C3108,0631080,1,722511,10865,627,200512,2021-06-01
"Los Angeles-Long Beach-Anaheim, CA",Los Angeles,S49A,C3108,0631080,1,722511,10865,627,190943,2021-05-01
"Los Angeles-Long Beach-Anaheim, CA",Los Angeles,S49A,C3108,0631080,1,722511,10865,627,181498,2021-04-01
"Los Angeles-Long Beach-Anaheim, CA",Los Angeles,S49A,C3108,0631080,1,722511,10731,511,164297,2021-03-01
"Los Angeles-Long Beach-Anaheim, CA",Los Angeles,S49A,C3108,0631080,1,722511,10731,511,151415,2021-02-01
"Los Angeles-Long Beach-Anaheim, CA",Los Angeles,S49A,C3108,0631080,1,722511,10731,511,110732,2021-01-01
"Los Angeles-Long Beach-Anaheim, CA",Los Angeles,S49A,C3108,0631080,1,722511,11112,552,130490,2020-12-01
"Los Angeles-Long Beach-Anaheim, CA",Los Angeles,S49A,C3108,0631080,1,722511,11112,552,165593,2020-11-01
"Los Angeles-Long Beach-Anaheim, CA",Los Angeles,S49A,C3108,0631080,1,722511,11112,552,163640,2020-10-01
"Los Angeles-Long Beach-Anaheim, CA",Los Angeles,S49A,C3108,0631080,1,722511,10976,529,155297,2020-09-01
"Los Angeles-Long Beach-Anaheim, CA",Los Angeles,S49A,C3108,0631080,1,722511,10976,529,146885,2020-08-01
"Los Angeles-Long Beach-Anaheim, CA",Los Angeles,S49A,C3108,0631080,1,722511,10976,529,144648,2020-07-01
"Los Angeles-Long Beach-Anaheim, CA",Los Angeles,S49A,C3108,0631080,1,722511,10921,461,149096,2020-06-01
"Los Angeles-Long Beach-Anaheim, CA",Los Angeles,S49A,C3108,0631080,1,722511,10921,461,103848,2020-05-01
"Los Angeles-Long Beach-Anaheim, CA",Los Angeles,S49A,C3108,0631080,1,722511,10921,461,85364,2020-04-01
"Los Angeles-Long Beach-Anaheim, CA",Los Angeles,S49A,C3108,0631080,1,722511,11108,533,235067,2020-03-01
"Los Angeles-Long Beach-Anaheim, CA",Los Angeles,S49A,C3108,0631080,1,722511,11108,533,245964,2020-02-01
"Los Angeles-Long Beach-Anaheim, CA",Los Angeles,S49A,C3108,0631080,1,722511,11108,533,244823,2020-01-01
"Los Angeles-Long Beach-Anaheim, CA",Los Angeles,S49A,C3108,0631080,1,722511,11389,542,250542,2019-12-01
"Los Angeles-Long Beach-Anaheim, CA",Los Angeles,S49A,C3108,0631080,1,722511,11389,542,251061,2019-11-01
"Los Angeles-Long Beach-Anaheim, CA",Los Angeles,S49A,C3108,0631080,1,722511,11389,542,250274,2019-10-01
"Los Angeles-Long Beach-Anaheim, CA",Los Angeles,S49A,C3108,0631080,1,722511,11224,533,250636,2019-09-01
"Los Angeles-Long Beach-Anaheim, CA",Los Angeles,S49A,C3108,0631080,1,722511,11224,533,250928,2019-08-01
"Los Angeles-Long Beach-Anaheim, CA",Los Angeles,S49A,C3108,0631080,1,722511,11224,533,251518,2019-07-01
"Los Angeles-Long Beach-Anaheim, CA",Los Angeles,S49A,C3108,0631080,1,722511,11059,527,252703,2019-06-01
"Los Angeles-Long Beach-Anaheim, CA",Los Angeles,S49A,C3108,0631080,1,722511,11059,527,252149,2019-05-01
"Los Angeles-Long Beach-Anaheim, CA",Los Angeles,S49A,C3108,0631080,1,722511,11059,527,250045,2019-04-01
"Los Angeles-Long Beach-Anaheim, CA",Los Angeles,S49A,C3108,0631080,1,722511,10911,514,248929,2019-03-01
"Los Angeles-Long Beach-Anaheim, CA",Los Angeles,S49A,C3108,0631080,1,722511,10911,514,247144,2019-02-01
"Los Angeles-Long Beach-Anaheim, CA",Los Angeles,S49A,C3108,0631080,1,722511,10911,514,245890,2019-01-01
"Miami-Fort Lauderdale-West Palm Beach, FL",Miami,S35B,C3310,1233100,38,722511,6066,748,128015,2023-03-01
"Miami-Fort Lauderdale-West Palm Beach, FL",Miami,S35B,C3310,1233100,38,722511,6066,748,126880,2023-02-01
"Miami-Fort Lauderdale-West Palm Beach, FL",Miami,S35B,C3310,1233100,38,722511,6066,748,124734,2023-01-01
"Miami-Fort Lauderdale-West Palm Beach, FL",Miami,S35B,C3310,1233100,38,722511,5973,693,123777,2022-12-01
"Miami-Fort Lauderdale-West Palm Beach, FL",Miami,S35B,C3310,1233100,38,722511,5973,693,122347,2022-11-01
"Miami-Fort Lauderdale-West Palm Beach, FL",Miami,S35B,C3310,1233100,38,722511,5973,693,119962,2022-10-01
"Miami-Fort Lauderdale-West Palm Beach, FL",Miami,S35B,C3310,1233100,38,722511,5944,688,118560,2022-09-01
"Miami-Fort Lauderdale-West Palm Beach, FL",Miami,S35B,C3310,1233100,38,722511,5944,688,118893,2022-08-01
"Miami-Fort Lauderdale-West Palm Beach, FL",Miami,S35B,C3310,1233100,38,722511,5944,688,119740,2022-07-01
"Miami-Fort Lauderdale-West Palm Beach, FL",Miami,S35B,C3310,1233100,38,722511,5889,697,121926,2022-06-01
"Miami-Fort Lauderdale-West Palm Beach, FL",Miami,S35B,C3310,1233100,38,722511,5889,697,123709,2022-05-01
"Miami-Fort Lauderdale-West Palm Beach, FL",Miami,S35B,C3310,1233100,38,722511,5889,697,123564,2022-04-01
"Miami-Fort Lauderdale-West Palm Beach, FL",Miami,S35B,C3310,1233100,38,722511,5893,681,121579,2022-03-01
"Miami-Fort Lauderdale-West Palm Beach, FL",Miami,S35B,C3310,1233100,38,722511,5893,681,120291,2022-02-01
"Miami-Fort Lauderdale-West Palm Beach, FL",Miami,S35B,C3310,1233100,38,722511,5893,681,117495,2022-01-01
"Miami-Fort Lauderdale-West Palm Beach, FL",Miami,S35B,C3310,1233100,38,722511,5882,692,117410,2021-12-01
"Miami-Fort Lauderdale-West Palm Beach, FL",Miami,S35B,C3310,1233100,38,722511,5882,692,116144,2021-11-01
"Miami-Fort Lauderdale-West Palm Beach, FL",Miami,S35B,C3310,1233100,38,722511,5882,692,113444,2021-10-01
"Miami-Fort Lauderdale-West Palm Beach, FL",Miami,S35B,C3310,1233100,38,722511,5953,633,111581,2021-09-01
"Miami-Fort Lauderdale-West Palm Beach, FL",Miami,S35B,C3310,1233100,38,722511,5953,633,112301,2021-08-01
"Miami-Fort Lauderdale-West Palm Beach, FL",Miami,S35B,C3310,1233100,38,722511,5953,633,112822,2021-07-01
"Miami-Fort Lauderdale-West Palm Beach, FL",Miami,S35B,C3310,1233100,38,722511,5872,668,111520,2021-06-01
"Miami-Fort Lauderdale-West Palm Beach, FL",Miami,S35B,C3310,1233100,38,722511,5872,668,109425,2021-05-01
"Miami-Fort Lauderdale-West Palm Beach, FL",Miami,S35B,C3310,1233100,38,722511,5872,668,107600,2021-04-01
"Miami-Fort Lauderdale-West Palm Beach, FL",Miami,S35B,C3310,1233100,38,722511,5786,590,105146,2021-03-01
"Miami-Fort Lauderdale-West Palm Beach, FL",Miami,S35B,C3310,1233100,38,722511,5786,590,102722,2021-02-01
"Miami-Fort Lauderdale-West Palm Beach, FL",Miami,S35B,C3310,1233100,38,722511,5786,590,99121,2021-01-01
"Miami-Fort Lauderdale-West Palm Beach, FL",Miami,S35B,C3310,1233100,38,722511,5759,570,97482,2020-12-01
"Miami-Fort Lauderdale-West Palm Beach, FL",Miami,S35B,C3310,1233100,38,722511,5759,570,94568,2020-11-01
"Miami-Fort Lauderdale-West Palm Beach, FL",Miami,S35B,C3310,1233100,38,722511,5759,570,91240,2020-10-01
"Miami-Fort Lauderdale-West Palm Beach, FL",Miami,S35B,C3310,1233100,38,722511,5680,509,85350,2020-09-01
"Miami-Fort Lauderdale-West Palm Beach, FL",Miami,S35B,C3310,1233100,38,722511,5680,509,79980,2020-08-01
"Miami-Fort Lauderdale-West Palm Beach, FL",Miami,S35B,C3310,1233100,38,722511,5680,509,84097,2020-07-01
"Miami-Fort Lauderdale-West Palm Beach, FL",Miami,S35B,C3310,1233100,38,722511,5529,478,87085,2020-06-01
"Miami-Fort Lauderdale-West Palm Beach, FL",Miami,S35B,C3310,1233100,38,722511,5529,478,66587,2020-05-01
"Miami-Fort Lauderdale-West Palm Beach, FL",Miami,S35B,C3310,1233100,38,722511,5529,478,46108,2020-04-01
"Miami-Fort Lauderdale-West Palm Beach, FL",Miami,S35B,C3310,1233100,38,722511,5610,546,121374,2020-03-01
"Miami-Fort Lauderdale-West Palm Beach, FL",Miami,S35B,C3310,1233100,38,722511,5610,546,126251,2020-02-01
"Miami-Fort Lauderdale-West Palm Beach, FL",Miami,S35B,C3310,1233100,38,722511,5610,546,124491,2020-01-01
"Miami-Fort Lauderdale-West Palm Beach, FL",Miami,S35B,C3310,1233100,38,722511,5643,527,124479,2019-12-01
"Miami-Fort Lauderdale-West Palm Beach, FL",Miami,S35B,C3310,1233100,38,722511,5643,527,122698,2019-11-01
"Miami-Fort Lauderdale-West Palm Beach, FL",Miami,S35B,C3310,1233100,38,722511,5643,527,119637,2019-10-01
"Miami-Fort Lauderdale-West Palm Beach, FL",Miami,S35B,C3310,1233100,38,722511,5627,499,118228,2019-09-01
"Miami-Fort Lauderdale-West Palm Beach, FL",Miami,S35B,C3310,1233100,38,722511,5627,499,119511,2019-08-01
"Miami-Fort Lauderdale-West Palm Beach, FL",Miami,S35B,C3310,1233100,38,722511,5627,499,119619,2019-07-01
"Miami-Fort Lauderdale-West Palm Beach, FL",Miami,S35B,C3310,1233100,38,722511,5540,522,121879,2019-06-01
"Miami-Fort Lauderdale-West Palm Beach, FL",Miami,S35B,C3310,1233100,38,722511,5540,522,125162,2019-05-01
"Miami-Fort Lauderdale-West Palm Beach, FL",Miami,S35B,C3310,1233100,38,722511,5540,522,125582,2019-04-01
"Miami-Fort Lauderdale-West Palm Beach, FL",Miami,S35B,C3310,1233100,38,722511,5526,536,126367,2019-03-01
"Miami-Fort Lauderdale-West Palm Beach, FL",Miami,S35B,C3310,1233100,38,722511,5526,536,125797,2019-02-01
"Miami-Fort Lauderdale-West Palm Beach, FL",Miami,S35B,C3310,1233100,38,722511,5526,536,123949,2019-01-01
"New York-Newark-Jersey City, NY-NJ-PA",New York,S12A,C3562,3635620,2,722511,19492,744,304722,2023-03-01
"New York-Newark-Jersey City, NY-NJ-PA",New York,S12A,C3562,3635620,2,722511,19492,744,300822,2023-02-01
"New York-Newark-Jersey City, NY-NJ-PA",New York,S12A,C3562,3635620,2,722511,19492,744,298730,2023-01-01
"New York-Newark-Jersey City, NY-NJ-PA",New York,S12A,C3562,3635620,2,722511,19675,774,309073,2022-12-01
"New York-Newark-Jersey City, NY-NJ-PA",New York,S12A,C3562,3635620,2,722511,19675,774,308628,2022-11-01
"New York-Newark-Jersey City, NY-NJ-PA",New York,S12A,C3562,3635620,2,722511,19675,774,308160,2022-10-01
"New York-Newark-Jersey City, NY-NJ-PA",New York,S12A,C3562,3635620,2,722511,19692,775,308403,2022-09-01
"New York-Newark-Jersey City, NY-NJ-PA",New York,S12A,C3562,3635620,2,722511,19692,775,315557,2022-08-01
"New York-Newark-Jersey City, NY-NJ-PA",New York,S12A,C3562,3635620,2,722511,19692,775,318869,2022-07-01
"New York-Newark-Jersey City, NY-NJ-PA",New York,S12A,C3562,3635620,2,722511,19577,740,317588,2022-06-01
"New York-Newark-Jersey City, NY-NJ-PA",New York,S12A,C3562,3635620,2,722511,19577,740,303297,2022-05-01
"New York-Newark-Jersey City, NY-NJ-PA",New York,S12A,C3562,3635620,2,722511,19577,740,289726,2022-04-01
"New York-Newark-Jersey City, NY-NJ-PA",New York,S12A,C3562,3635620,2,722511,19501,659,280308,2022-03-01
"New York-Newark-Jersey City, NY-NJ-PA",New York,S12A,C3562,3635620,2,722511,19501,659,273236,2022-02-01
"New York-Newark-Jersey City, NY-NJ-PA",New York,S12A,C3562,3635620,2,722511,19501,659,267913,2022-01-01
"New York-Newark-Jersey City, NY-NJ-PA",New York,S12A,C3562,3635620,2,722511,19548,765,281899,2021-12-01
"New York-Newark-Jersey City, NY-NJ-PA",New York,S12A,C3562,3635620,2,722511,19548,765,279458,2021-11-01
"New York-Newark-Jersey City, NY-NJ-PA",New York,S12A,C3562,3635620,2,722511,19548,765,277147,2021-10-01
"New York-Newark-Jersey City, NY-NJ-PA",New York,S12A,C3562,3635620,2,722511,19291,721,269468,2021-09-01
"New York-Newark-Jersey City, NY-NJ-PA",New York,S12A,C3562,3635620,2,722511,19291,721,272354,2021-08-01
"New York-Newark-Jersey City, NY-NJ-PA",New York,S12A,C3562,3635620,2,722511,19291,721,271480,2021-07-01
"New York-Newark-Jersey City, NY-NJ-PA",New York,S12A,C3562,3635620,2,722511,18900,678,260770,2021-06-01
"New York-Newark-Jersey City, NY-NJ-PA",New York,S12A,C3562,3635620,2,722511,18900,678,240259,2021-05-01
"New York-Newark-Jersey City, NY-NJ-PA",New York,S12A,C3562,3635620,2,722511,18900,678,221805,2021-04-01
"New York-Newark-Jersey City, NY-NJ-PA",New York,S12A,C3562,3635620,2,722511,18887,566,201795,2021-03-01
"New York-Newark-Jersey City, NY-NJ-PA",New York,S12A,C3562,3635620,2,722511,18887,566,186477,2021-02-01
"New York-Newark-Jersey City, NY-NJ-PA",New York,S12A,C3562,3635620,2,722511,18887,566,174252,2021-01-01
"New York-Newark-Jersey City, NY-NJ-PA",New York,S12A,C3562,3635620,2,722511,19194,617,198261,2020-12-01
"New York-Newark-Jersey City, NY-NJ-PA",New York,S12A,C3562,3635620,2,722511,19194,617,210335,2020-11-01
"New York-Newark-Jersey City, NY-NJ-PA",New York,S12A,C3562,3635620,2,722511,19194,617,213776,2020-10-01
"New York-Newark-Jersey City, NY-NJ-PA",New York,S12A,C3562,3635620,2,722511,19080,612,202584,2020-09-01
"New York-Newark-Jersey City, NY-NJ-PA",New York,S12A,C3562,3635620,2,722511,19080,612,193060,2020-08-01
"New York-Newark-Jersey City, NY-NJ-PA",New York,S12A,C3562,3635620,2,722511,19080,612,175636,2020-07-01
"New York-Newark-Jersey City, NY-NJ-PA",New York,S12A,C3562,3635620,2,722511,19048,540,132696,2020-06-01
"New York-Newark-Jersey City, NY-NJ-PA",New York,S12A,C3562,3635620,2,722511,19048,540,114869,2020-05-01
"New York-Newark-Jersey City, NY-NJ-PA",New York,S12A,C3562,3635620,2,722511,19048,540,85267,2020-04-01
"New York-Newark-Jersey City, NY-NJ-PA",New York,S12A,C3562,3635620,2,722511,19587,582,295081,2020-03-01
"New York-Newark-Jersey City, NY-NJ-PA",New York,S12A,C3562,3635620,2,722511,19587,582,319458,2020-02-01
"New York-Newark-Jersey City, NY-NJ-PA",New York,S12A,C3562,3635620,2,722511,19587,582,318916,2020-01-01
"New York-Newark-Jersey City, NY-NJ-PA",New York,S12A,C3562,3635620,2,722511,19669,648,331221,2019-12-01
"New York-Newark-Jersey City, NY-NJ-PA",New York,S12A,C3562,3635620,2,722511,19669,648,329959,2019-11-01
"New York-Newark-Jersey City, NY-NJ-PA",New York,S12A,C3562,3635620,2,722511,19669,648,330208,2019-10-01
"New York-Newark-Jersey City, NY-NJ-PA",New York,S12A,C3562,3635620,2,722511,19723,614,332347,2019-09-01
"New York-Newark-Jersey City, NY-NJ-PA",New York,S12A,C3562,3635620,2,722511,19723,614,339127,2019-08-01
"New York-Newark-Jersey City, NY-NJ-PA",New York,S12A,C3562,3635620,2,722511,19723,614,344921,2019-07-01
"New York-Newark-Jersey City, NY-NJ-PA",New York,S12A,C3562,3635620,2,722511,19805,606,347093,2019-06-01
"New York-Newark-Jersey City, NY-NJ-PA",New York,S12A,C3562,3635620,2,722511,19805,606,337841,2019-05-01
"New York-Newark-Jersey City, NY-NJ-PA",New York,S12A,C3562,3635620,2,722511,19805,606,329293,2019-04-01
"New York-Newark-Jersey City, NY-NJ-PA",New York,S12A,C3562,3635620,2,722511,19722,586,323954,2019-03-01
"New York-Newark-Jersey City, NY-NJ-PA",New York,S12A,C3562,3635620,2,722511,19722,586,320090,2019-02-01
"New York-Newark-Jersey City, NY-NJ-PA",New York,S12A,C3562,3635620,2,722511,19722,586,319918,2019-01-01
"San Diego-Carlsbad, CA",San Diego,S49E,C4174,0641740,6,722511,2572,663,63604,2023-03-01
"San Diego-Carlsbad, CA",San Diego,S49E,C4174,0641740,6,722511,2572,663,63001,2023-02-01
"San Diego-Carlsbad, CA",San Diego,S49E,C4174,0641740,6,722511,2572,663,62029,2023-01-01
"San Diego-Carlsbad, CA",San Diego,S49E,C4174,0641740,6,722511,2584,655,63905,2022-12-01
"San Diego-Carlsbad, CA",San Diego,S49E,C4174,0641740,6,722511,2584,655,64156,2022-11-01
"San Diego-Carlsbad, CA",San Diego,S49E,C4174,0641740,6,722511,2584,655,64015,2022-10-01
"San Diego-Carlsbad, CA",San Diego,S49E,C4174,0641740,6,722511,2556,688,63827,2022-09-01
"San Diego-Carlsbad, CA",San Diego,S49E,C4174,0641740,6,722511,2556,688,64240,2022-08-01
"San Diego-Carlsbad, CA",San Diego,S49E,C4174,0641740,6,722511,2556,688,64210,2022-07-01
"San Diego-Carlsbad, CA",San Diego,S49E,C4174,0641740,6,722511,2527,656,63784,2022-06-01
"San Diego-Carlsbad, CA",San Diego,S49E,C4174,0641740,6,722511,2527,656,63034,2022-05-01
"San Diego-Carlsbad, CA",San Diego,S49E,C4174,0641740,6,722511,2527,656,62157,2022-04-01
"San Diego-Carlsbad, CA",San Diego,S49E,C4174,0641740,6,722511,2511,599,60954,2022-03-01
"San Diego-Carlsbad, CA",San Diego,S49E,C4174,0641740,6,722511,2511,599,59836,2022-02-01
"San Diego-Carlsbad, CA",San Diego,S49E,C4174,0641740,6,722511,2511,599,58757,2022-01-01
"San Diego-Carlsbad, CA",San Diego,S49E,C4174,0641740,6,722511,2558,644,60654,2021-12-01
"San Diego-Carlsbad, CA",San Diego,S49E,C4174,0641740,6,722511,2558,644,60478,2021-11-01
"San Diego-Carlsbad, CA",San Diego,S49E,C4174,0641740,6,722511,2558,644,60052,2021-10-01
"San Diego-Carlsbad, CA",San Diego,S49E,C4174,0641740,6,722511,2531,644,59315,2021-09-01
"San Diego-Carlsbad, CA",San Diego,S49E,C4174,0641740,6,722511,2531,644,59364,2021-08-01
"San Diego-Carlsbad, CA",San Diego,S49E,C4174,0641740,6,722511,2531,644,58468,2021-07-01
"San Diego-Carlsbad, CA",San Diego,S49E,C4174,0641740,6,722511,2513,627,55609,2021-06-01
"San Diego-Carlsbad, CA",San Diego,S49E,C4174,0641740,6,722511,2513,627,53095,2021-05-01
"San Diego-Carlsbad, CA",San Diego,S49E,C4174,0641740,6,722511,2513,627,50194,2021-04-01
"San Diego-Carlsbad, CA",San Diego,S49E,C4174,0641740,6,722511,2491,487,45299,2021-03-01
"San Diego-Carlsbad, CA",San Diego,S49E,C4174,0641740,6,722511,2491,487,41387,2021-02-01
"San Diego-Carlsbad, CA",San Diego,S49E,C4174,0641740,6,722511,2491,487,28944,2021-01-01
"San Diego-Carlsbad, CA",San Diego,S49E,C4174,0641740,6,722511,2573,537,38467,2020-12-01
"San Diego-Carlsbad, CA",San Diego,S49E,C4174,0641740,6,722511,2573,537,48271,2020-11-01
"San Diego-Carlsbad, CA",San Diego,S49E,C4174,0641740,6,722511,2573,537,48307,2020-10-01
"San Diego-Carlsbad, CA",San Diego,S49E,C4174,0641740,6,722511,2566,528,46241,2020-09-01
"San Diego-Carlsbad, CA",San Diego,S49E,C4174,0641740,6,722511,2566,528,42800,2020-08-01
"San Diego-Carlsbad, CA",San Diego,S49E,C4174,0641740,6,722511,2566,528,42841,2020-07-01
"San Diego-Carlsbad, CA",San Diego,S49E,C4174,0641740,6,722511,2543,467,42007,2020-06-01
"San Diego-Carlsbad, CA",San Diego,S49E,C4174,0641740,6,722511,2543,467,24585,2020-05-01
"San Diego-Carlsbad, CA",San Diego,S49E,C4174,0641740,6,722511,2543,467,18979,2020-04-01
"San Diego-Carlsbad, CA",San Diego,S49E,C4174,0641740,6,722511,2597,503,63148,2020-03-01
"San Diego-Carlsbad, CA",San Diego,S49E,C4174,0641740,6,722511,2597,503,65914,2020-02-01
"San Diego-Carlsbad, CA",San Diego,S49E,C4174,0641740,6,722511,2597,503,64890,2020-01-01
"San Diego-Carlsbad, CA",San Diego,S49E,C4174,0641740,6,722511,2656,510,66081,2019-12-01
"San Diego-Carlsbad, CA",San Diego,S49E,C4174,0641740,6,722511,2656,510,66492,2019-11-01
"San Diego-Carlsbad, CA",San Diego,S49E,C4174,0641740,6,722511,2656,510,66470,2019-10-01
"San Diego-Carlsbad, CA",San Diego,S49E,C4174,0641740,6,722511,2626,510,66623,2019-09-01
"San Diego-Carlsbad, CA",San Diego,S49E,C4174,0641740,6,722511,2626,510,67602,2019-08-01
"San Diego-Carlsbad, CA",San Diego,S49E,C4174,0641740,6,722511,2626,510,68168,2019-07-01
"San Diego-Carlsbad, CA",San Diego,S49E,C4174,0641740,6,722511,2599,503,67726,2019-06-01
"San Diego-Carlsbad, CA",San Diego,S49E,C4174,0641740,6,722511,2599,503,67501,2019-05-01
"San Diego-Carlsbad, CA",San Diego,S49E,C4174,0641740,6,722511,2599,503,67033,2019-04-01
"San Diego-Carlsbad, CA",San Diego,S49E,C4174,0641740,6,722511,2571,478,66755,2019-03-01
"San Diego-Carlsbad, CA",San Diego,S49E,C4174,0641740,6,722511,2571,478,66191,2019-02-01
"San Diego-Carlsbad, CA",San Diego,S49E,C4174,0641740,6,722511,2571,478,65474,2019-01-01
"San Francisco-Oakland-Hayward, CA",San Francisco,S49B,C4186,0641860,21,722511,4925,745,82306,2023-03-01
"San Francisco-Oakland-Hayward, CA",San Francisco,S49B,C4186,0641860,21,722511,4925,745,81710,2023-02-01
"San Francisco-Oakland-Hayward, CA",San Francisco,S49B,C4186,0641860,21,722511,4925,745,80218,2023-01-01
"San Francisco-Oakland-Hayward, CA",San Francisco,S49B,C4186,0641860,21,722511,4918,768,82506,2022-12-01
"San Francisco-Oakland-Hayward, CA",San Francisco,S49B,C4186,0641860,21,722511,4918,768,82506,2022-11-01
"San Francisco-Oakland-Hayward, CA",San Francisco,S49B,C4186,0641860,21,722511,4918,768,82732,2022-10-01
"San Francisco-Oakland-Hayward, CA",San Francisco,S49B,C4186,0641860,21,722511,4870,772,83095,2022-09-01
"San Francisco-Oakland-Hayward, CA",San Francisco,S49B,C4186,0641860,21,722511,4870,772,83362,2022-08-01
"San Francisco-Oakland-Hayward, CA",San Francisco,S49B,C4186,0641860,21,722511,4870,772,82918,2022-07-01
"San Francisco-Oakland-Hayward, CA",San Francisco,S49B,C4186,0641860,21,722511,4848,747,83107,2022-06-01
"San Francisco-Oakland-Hayward, CA",San Francisco,S49B,C4186,0641860,21,722511,4848,747,81838,2022-05-01
"San Francisco-Oakland-Hayward, CA",San Francisco,S49B,C4186,0641860,21,722511,4848,747,80719,2022-04-01
"San Francisco-Oakland-Hayward, CA",San Francisco,S49B,C4186,0641860,21,722511,4821,684,78503,2022-03-01
"San Francisco-Oakland-Hayward, CA",San Francisco,S49B,C4186,0641860,21,722511,4821,684,77197,2022-02-01
"San Francisco-Oakland-Hayward, CA",San Francisco,S49B,C4186,0641860,21,722511,4821,684,75721,2022-01-01
"San Francisco-Oakland-Hayward, CA",San Francisco,S49B,C4186,0641860,21,722511,4975,760,78786,2021-12-01
"San Francisco-Oakland-Hayward, CA",San Francisco,S49B,C4186,0641860,21,722511,4975,760,78026,2021-11-01
"San Francisco-Oakland-Hayward, CA",San Francisco,S49B,C4186,0641860,21,722511,4975,760,77039,2021-10-01
"San Francisco-Oakland-Hayward, CA",San Francisco,S49B,C4186,0641860,21,722511,4933,731,75250,2021-09-01
"San Francisco-Oakland-Hayward, CA",San Francisco,S49B,C4186,0641860,21,722511,4933,731,74871,2021-08-01
"San Francisco-Oakland-Hayward, CA",San Francisco,S49B,C4186,0641860,21,722511,4933,731,73437,2021-07-01
"San Francisco-Oakland-Hayward, CA",San Francisco,S49B,C4186,0641860,21,722511,4911,703,68951,2021-06-01
"San Francisco-Oakland-Hayward, CA",San Francisco,S49B,C4186,0641860,21,722511,4911,703,64837,2021-05-01
"San Francisco-Oakland-Hayward, CA",San Francisco,S49B,C4186,0641860,21,722511,4911,703,60835,2021-04-01
"San Francisco-Oakland-Hayward, CA",San Francisco,S49B,C4186,0641860,21,722511,4882,573,54536,2021-03-01
"San Francisco-Oakland-Hayward, CA",San Francisco,S49B,C4186,0641860,21,722511,4882,573,49191,2021-02-01
"San Francisco-Oakland-Hayward, CA",San Francisco,S49B,C4186,0641860,21,722511,4882,573,38702,2021-01-01
"San Francisco-Oakland-Hayward, CA",San Francisco,S49B,C4186,0641860,21,722511,5063,633,48524,2020-12-01
"San Francisco-Oakland-Hayward, CA",San Francisco,S49B,C4186,0641860,21,722511,5063,633,56666,2020-11-01
"San Francisco-Oakland-Hayward, CA",San Francisco,S49B,C4186,0641860,21,722511,5063,633,54703,2020-10-01
"San Francisco-Oakland-Hayward, CA",San Francisco,S49B,C4186,0641860,21,722511,5028,601,49863,2020-09-01
"San Francisco-Oakland-Hayward, CA",San Francisco,S49B,C4186,0641860,21,722511,5028,601,47961,2020-08-01
"San Francisco-Oakland-Hayward, CA",San Francisco,S49B,C4186,0641860,21,722511,5028,601,47114,2020-07-01
"San Francisco-Oakland-Hayward, CA",San Francisco,S49B,C4186,0641860,21,722511,5033,559,43702,2020-06-01
"San Francisco-Oakland-Hayward, CA",San Francisco,S49B,C4186,0641860,21,722511,5033,559,36728,2020-05-01
"San Francisco-Oakland-Hayward, CA",San Francisco,S49B,C4186,0641860,21,722511,5033,559,27534,2020-04-01
"San Francisco-Oakland-Hayward, CA",San Francisco,S49B,C4186,0641860,21,722511,5114,602,91609,2020-03-01
"San Francisco-Oakland-Hayward, CA",San Francisco,S49B,C4186,0641860,21,722511,5114,602,96662,2020-02-01
"San Francisco-Oakland-Hayward, CA",San Francisco,S49B,C4186,0641860,21,722511,5114,602,96118,2020-01-01
"San Francisco-Oakland-Hayward, CA",San Francisco,S49B,C4186,0641860,21,722511,5254,637,98704,2019-12-01
"San Francisco-Oakland-Hayward, CA",San Francisco,S49B,C4186,0641860,21,722511,5254,637,98912,2019-11-01
"San Francisco-Oakland-Hayward, CA",San Francisco,S49B,C4186,0641860,21,722511,5254,637,98779,2019-10-01
"San Francisco-Oakland-Hayward, CA",San Francisco,S49B,C4186,0641860,21,722511,5217,616,99497,2019-09-01
"San Francisco-Oakland-Hayward, CA",San Francisco,S49B,C4186,0641860,21,722511,5217,616,100080,2019-08-01
"San Francisco-Oakland-Hayward, CA",San Francisco,S49B,C4186,0641860,21,722511,5217,616,99863,2019-07-01
"San Francisco-Oakland-Hayward, CA",San Francisco,S49B,C4186,0641860,21,722511,5155,614,100160,2019-06-01
"San Francisco-Oakland-Hayward, CA",San Francisco,S49B,C4186,0641860,21,722511,5155,614,99605,2019-05-01
"San Francisco-Oakland-Hayward, CA",San Francisco,S49B,C4186,0641860,21,722511,5155,614,98695,2019-04-01
"San Francisco-Oakland-Hayward, CA",San Francisco,S49B,C4186,0641860,21,722511,5129,588,98688,2019-03-01
"San Francisco-Oakland-Hayward, CA",San Francisco,S49B,C4186,0641860,21,722511,5129,588,98131,2019-02-01
"San Francisco-Oakland-Hayward, CA",San Francisco,S49B,C4186,0641860,21,722511,5129,588,96974,2019-01-01
"Tampa-St. Petersburg-Clearwater, FL",Tampa,S35D,C4530,1245300,43,722511,2648,625,62269,2023-03-01
"Tampa-St. Petersburg-Clearwater, FL",Tampa,S35D,C4530,1245300,43,722511,2648,625,60763,2023-02-01
"Tampa-St. Petersburg-Clearwater, FL",Tampa,S35D,C4530,1245300,43,722511,2648,625,60131,2023-01-01
"Tampa-St. Petersburg-Clearwater, FL",Tampa,S35D,C4530,1245300,43,722511,2634,571,59910,2022-12-01
"Tampa-St. Petersburg-Clearwater, FL",Tampa,S35D,C4530,1245300,43,722511,2634,571,59650,2022-11-01
"Tampa-St. Petersburg-Clearwater, FL",Tampa,S35D,C4530,1245300,43,722511,2634,571,59178,2022-10-01
"Tampa-St. Petersburg-Clearwater, FL",Tampa,S35D,C4530,1245300,43,722511,2630,586,58543,2022-09-01
"Tampa-St. Petersburg-Clearwater, FL",Tampa,S35D,C4530,1245300,43,722511,2630,586,59159,2022-08-01
"Tampa-St. Petersburg-Clearwater, FL",Tampa,S35D,C4530,1245300,43,722511,2630,586,59199,2022-07-01
"Tampa-St. Petersburg-Clearwater, FL",Tampa,S35D,C4530,1245300,43,722511,2614,588,60253,2022-06-01
"Tampa-St. Petersburg-Clearwater, FL",Tampa,S35D,C4530,1245300,43,722511,2614,588,60577,2022-05-01
"Tampa-St. Petersburg-Clearwater, FL",Tampa,S35D,C4530,1245300,43,722511,2614,588,60515,2022-04-01
"Tampa-St. Petersburg-Clearwater, FL",Tampa,S35D,C4530,1245300,43,722511,2622,558,59493,2022-03-01
"Tampa-St. Petersburg-Clearwater, FL",Tampa,S35D,C4530,1245300,43,722511,2622,558,58710,2022-02-01
"Tampa-St. Petersburg-Clearwater, FL",Tampa,S35D,C4530,1245300,43,722511,2622,558,57679,2022-01-01
"Tampa-St. Petersburg-Clearwater, FL",Tampa,S35D,C4530,1245300,43,722511,2648,566,58219,2021-12-01
"Tampa-St. Petersburg-Clearwater, FL",Tampa,S35D,C4530,1245300,43,722511,2648,566,57612,2021-11-01
"Tampa-St. Petersburg-Clearwater, FL",Tampa,S35D,C4530,1245300,43,722511,2648,566,57134,2021-10-01
"Tampa-St. Petersburg-Clearwater, FL",Tampa,S35D,C4530,1245300,43,722511,2650,523,56405,2021-09-01
"Tampa-St. Petersburg-Clearwater, FL",Tampa,S35D,C4530,1245300,43,722511,2650,523,56844,2021-08-01
"Tampa-St. Petersburg-Clearwater, FL",Tampa,S35D,C4530,1245300,43,722511,2650,523,57516,2021-07-01
"Tampa-St. Petersburg-Clearwater, FL",Tampa,S35D,C4530,1245300,43,722511,2615,551,56945,2021-06-01
"Tampa-St. Petersburg-Clearwater, FL",Tampa,S35D,C4530,1245300,43,722511,2615,551,56131,2021-05-01
"Tampa-St. Petersburg-Clearwater, FL",Tampa,S35D,C4530,1245300,43,722511,2615,551,54774,2021-04-01
"Tampa-St. Petersburg-Clearwater, FL",Tampa,S35D,C4530,1245300,43,722511,2574,536,53663,2021-03-01
"Tampa-St. Petersburg-Clearwater, FL",Tampa,S35D,C4530,1245300,43,722511,2574,536,52668,2021-02-01
"Tampa-St. Petersburg-Clearwater, FL",Tampa,S35D,C4530,1245300,43,722511,2574,536,51123,2021-01-01
"Tampa-St. Petersburg-Clearwater, FL",Tampa,S35D,C4530,1245300,43,722511,2555,482,50748,2020-12-01
"Tampa-St. Petersburg-Clearwater, FL",Tampa,S35D,C4530,1245300,43,722511,2555,482,50477,2020-11-01
"Tampa-St. Petersburg-Clearwater, FL",Tampa,S35D,C4530,1245300,43,722511,2555,482,49600,2020-10-01
"Tampa-St. Petersburg-Clearwater, FL",Tampa,S35D,C4530,1245300,43,722511,2527,462,47391,2020-09-01
"Tampa-St. Petersburg-Clearwater, FL",Tampa,S35D,C4530,1245300,43,722511,2527,462,46547,2020-08-01
"Tampa-St. Petersburg-Clearwater, FL",Tampa,S35D,C4530,1245300,43,722511,2527,462,45891,2020-07-01
"Tampa-St. Petersburg-Clearwater, FL",Tampa,S35D,C4530,1245300,43,722511,2481,416,46686,2020-06-01
"Tampa-St. Petersburg-Clearwater, FL",Tampa,S35D,C4530,1245300,43,722511,2481,416,40160,2020-05-01
"Tampa-St. Petersburg-Clearwater, FL",Tampa,S35D,C4530,1245300,43,722511,2481,416,26310,2020-04-01
"Tampa-St. Petersburg-Clearwater, FL",Tampa,S35D,C4530,1245300,43,722511,2517,455,59296,2020-03-01
"Tampa-St. Petersburg-Clearwater, FL",Tampa,S35D,C4530,1245300,43,722511,2517,455,60693,2020-02-01
"Tampa-St. Petersburg-Clearwater, FL",Tampa,S35D,C4530,1245300,43,722511,2517,455,59367,2020-01-01
"Tampa-St. Petersburg-Clearwater, FL",Tampa,S35D,C4530,1245300,43,722511,2558,445,60017,2019-12-01
"Tampa-St. Petersburg-Clearwater, FL",Tampa,S35D,C4530,1245300,43,722511,2558,445,59783,2019-11-01
"Tampa-St. Petersburg-Clearwater, FL",Tampa,S35D,C4530,1245300,43,722511,2558,445,58811,2019-10-01
"Tampa-St. Petersburg-Clearwater, FL",Tampa,S35D,C4530,1245300,43,722511,2540,435,58910,2019-09-01
"Tampa-St. Petersburg-Clearwater, FL",Tampa,S35D,C4530,1245300,43,722511,2540,435,59810,2019-08-01
"Tampa-St. Petersburg-Clearwater, FL",Tampa,S35D,C4530,1245300,43,722511,2540,435,59664,2019-07-01
"Tampa-St. Petersburg-Clearwater, FL",Tampa,S35D,C4530,1245300,43,722511,2465,453,59948,2019-06-01
"Tampa-St. Petersburg-Clearwater, FL",Tampa,S35D,C4530,1245300,43,722511,2465,453,61528,2019-05-01
"Tampa-St. Petersburg-Clearwater, FL",Tampa,S35D,C4530,1245300,43,722511,2465,453,61845,2019-04-01
"Tampa-St. Petersburg-Clearwater, FL",Tampa,S35D,C4530,1245300,43,722511,2482,447,61993,2019-03-01
"Tampa-St. Petersburg-Clearwater, FL",Tampa,S35D,C4530,1245300,43,722511,2482,447,61086,2019-02-01
"Tampa-St. Petersburg-Clearwater, FL",Tampa,S35D,C4530,1245300,43,722511,2482,447,59823,2019-01-01
U.S. city average,U.S.,0000,US000,0000000,0,722511,260168,563,5224370,2023-03-01
U.S. city average,U.S.,0000,US000,0000000,0,722511,260168,563,5164517,2023-02-01
U.S. city average,U.S.,0000,US000,0000000,0,722511,260168,563,5114373,2023-01-01
U.S. city average,U.S.,0000,US000,0000000,0,722511,260322,563,5174460,2022-12-01
U.S. city average,U.S.,0000,US000,0000000,0,722511,260322,563,5179290,2022-11-01
U.S. city average,U.S.,0000,US000,0000000,0,722511,260322,563,5169308,2022-10-01
U.S. city average,U.S.,0000,US000,0000000,0,722511,258554,577,5186880,2022-09-01
U.S. city average,U.S.,0000,US000,0000000,0,722511,258554,577,5289526,2022-08-01
U.S. city average,U.S.,0000,US000,0000000,0,722511,258554,577,5310336,2022-07-01
U.S. city average,U.S.,0000,US000,0000000,0,722511,256563,550,5301933,2022-06-01
U.S. city average,U.S.,0000,US000,0000000,0,722511,256563,550,5200043,2022-05-01
U.S. city average,U.S.,0000,US000,0000000,0,722511,256563,550,5088437,2022-04-01
U.S. city average,U.S.,0000,US000,0000000,0,722511,254802,509,4982524,2022-03-01
U.S. city average,U.S.,0000,US000,0000000,0,722511,254802,509,4903820,2022-02-01
U.S. city average,U.S.,0000,US000,0000000,0,722511,254802,509,4823937,2022-01-01
U.S. city average,U.S.,0000,US000,0000000,0,722511,255181,555,4951001,2021-12-01
U.S. city average,U.S.,0000,US000,0000000,0,722511,255181,555,4931528,2021-11-01
U.S. city average,U.S.,0000,US000,0000000,0,722511,255181,555,4918677,2021-10-01
U.S. city average,U.S.,0000,US000,0000000,0,722511,253539,535,4874532,2021-09-01
U.S. city average,U.S.,0000,US000,0000000,0,722511,253539,535,4962437,2021-08-01
U.S. city average,U.S.,0000,US000,0000000,0,722511,253539,535,4962150,2021-07-01
U.S. city average,U.S.,0000,US000,0000000,0,722511,250603,514,4828492,2021-06-01
U.S. city average,U.S.,0000,US000,0000000,0,722511,250603,514,4615628,2021-05-01
U.S. city average,U.S.,0000,US000,0000000,0,722511,250603,514,4410387,2021-04-01
U.S. city average,U.S.,0000,US000,0000000,0,722511,248187,442,4181400,2021-03-01
U.S. city average,U.S.,0000,US000,0000000,0,722511,248187,442,3982513,2021-02-01
U.S. city average,U.S.,0000,US000,0000000,0,722511,248187,442,3709498,2021-01-01
U.S. city average,U.S.,0000,US000,0000000,0,722511,250340,461,3820255,2020-12-01
U.S. city average,U.S.,0000,US000,0000000,0,722511,250340,461,4129549,2020-11-01
U.S. city average,U.S.,0000,US000,0000000,0,722511,250340,461,4169690,2020-10-01
U.S. city average,U.S.,0000,US000,0000000,0,722511,248716,449,4062686,2020-09-01
U.S. city average,U.S.,0000,US000,0000000,0,722511,248716,449,3993399,2020-08-01
U.S. city average,U.S.,0000,US000,0000000,0,722511,248716,449,3901753,2020-07-01
U.S. city average,U.S.,0000,US000,0000000,0,722511,247372,406,3633542,2020-06-01
U.S. city average,U.S.,0000,US000,0000000,0,722511,247372,406,2757611,2020-05-01
U.S. city average,U.S.,0000,US000,0000000,0,722511,247372,406,1983508,2020-04-01
U.S. city average,U.S.,0000,US000,0000000,0,722511,251287,437,5146831,2020-03-01
U.S. city average,U.S.,0000,US000,0000000,0,722511,251287,437,5359853,2020-02-01
U.S. city average,U.S.,0000,US000,0000000,0,722511,251287,437,5325075,2020-01-01
U.S. city average,U.S.,0000,US000,0000000,0,722511,252500,452,5430214,2019-12-01
U.S. city average,U.S.,0000,US000,0000000,0,722511,252500,452,5428630,2019-11-01
U.S. city average,U.S.,0000,US000,0000000,0,722511,252500,452,5437747,2019-10-01
U.S. city average,U.S.,0000,US000,0000000,0,722511,251051,445,5471480,2019-09-01
U.S. city average,U.S.,0000,US000,0000000,0,722511,251051,445,5584235,2019-08-01
U.S. city average,U.S.,0000,US000,0000000,0,722511,251051,445,5605788,2019-07-01
U.S. city average,U.S.,0000,US000,0000000,0,722511,249217,438,5627332,2019-06-01
U.S. city average,U.S.,0000,US000,0000000,0,722511,249217,438,5566008,2019-05-01
U.S. city average,U.S.,0000,US000,0000000,0,722511,249217,438,5476601,2019-04-01
U.S. city average,U.S.,0000,US000,0000000,0,722511,247457,425,5412895,2019-03-01
U.S. city average,U.S.,0000,US000,0000000,0,722511,247457,425,5357789,2019-02-01
U.S. city average,U.S.,0000,US000,0000000,0,722511,247457,425,5332837,2019-01-01
"Urban Honolulu, HI MSA",Honolulu,S49F,C4652,1546520,48,722511,943,686,20718,2023-03-01
"Urban Honolulu, HI MSA",Honolulu,S49F,C4652,1546520,48,722511,943,686,20878,2023-02-01
"Urban Honolulu, HI MSA",Honolulu,S49F,C4652,1546520,48,722511,943,686,20482,2023-01-01
"Urban Honolulu, HI MSA",Honolulu,S49F,C4652,1546520,48,722511,934,653,20505,2022-12-01
"Urban Honolulu, HI MSA",Honolulu,S49F,C4652,1546520,48,722511,934,653,20437,2022-11-01
"Urban Honolulu, HI MSA",Honolulu,S49F,C4652,1546520,48,722511,934,653,20426,2022-10-01
"Urban Honolulu, HI MSA",Honolulu,S49F,C4652,1546520,48,722511,922,676,20492,2022-09-01
"Urban Honolulu, HI MSA",Honolulu,S49F,C4652,1546520,48,722511,922,676,20572,2022-08-01
"Urban Honolulu, HI MSA",Honolulu,S49F,C4652,1546520,48,722511,922,676,20299,2022-07-01
"Urban Honolulu, HI MSA",Honolulu,S49F,C4652,1546520,48,722511,907,646,20052,2022-06-01
"Urban Honolulu, HI MSA",Honolulu,S49F,C4652,1546520,48,722511,907,646,19780,2022-05-01
"Urban Honolulu, HI MSA",Honolulu,S49F,C4652,1546520,48,722511,907,646,19596,2022-04-01
"Urban Honolulu, HI MSA",Honolulu,S49F,C4652,1546520,48,722511,901,581,19114,2022-03-01
"Urban Honolulu, HI MSA",Honolulu,S49F,C4652,1546520,48,722511,901,581,18962,2022-02-01
"Urban Honolulu, HI MSA",Honolulu,S49F,C4652,1546520,48,722511,901,581,18649,2022-01-01
"Urban Honolulu, HI MSA",Honolulu,S49F,C4652,1546520,48,722511,889,595,18802,2021-12-01
"Urban Honolulu, HI MSA",Honolulu,S49F,C4652,1546520,48,722511,889,595,18589,2021-11-01
"Urban Honolulu, HI MSA",Honolulu,S49F,C4652,1546520,48,722511,889,595,18261,2021-10-01
"Urban Honolulu, HI MSA",Honolulu,S49F,C4652,1546520,48,722511,880,607,18701,2021-09-01
"Urban Honolulu, HI MSA",Honolulu,S49F,C4652,1546520,48,722511,880,607,18882,2021-08-01
"Urban Honolulu, HI MSA",Honolulu,S49F,C4652,1546520,48,722511,880,607,18760,2021-07-01
"Urban Honolulu, HI MSA",Honolulu,S49F,C4652,1546520,48,722511,875,595,18012,2021-06-01
"Urban Honolulu, HI MSA",Honolulu,S49F,C4652,1546520,48,722511,875,595,17202,2021-05-01
"Urban Honolulu, HI MSA",Honolulu,S49F,C4652,1546520,48,722511,875,595,16720,2021-04-01
"Urban Honolulu, HI MSA",Honolulu,S49F,C4652,1546520,48,722511,861,512,15575,2021-03-01
"Urban Honolulu, HI MSA",Honolulu,S49F,C4652,1546520,48,722511,861,512,14925,2021-02-01
"Urban Honolulu, HI MSA",Honolulu,S49F,C4652,1546520,48,722511,861,512,14630,2021-01-01
"Urban Honolulu, HI MSA",Honolulu,S49F,C4652,1546520,48,722511,895,516,14085,2020-12-01
"Urban Honolulu, HI MSA",Honolulu,S49F,C4652,1546520,48,722511,895,516,13193,2020-11-01
"Urban Honolulu, HI MSA",Honolulu,S49F,C4652,1546520,48,722511,895,516,12036,2020-10-01
"Urban Honolulu, HI MSA",Honolulu,S49F,C4652,1546520,48,722511,893,479,8803,2020-09-01
"Urban Honolulu, HI MSA",Honolulu,S49F,C4652,1546520,48,722511,893,479,12685,2020-08-01
"Urban Honolulu, HI MSA",Honolulu,S49F,C4652,1546520,48,722511,893,479,12904,2020-07-01
"Urban Honolulu, HI MSA",Honolulu,S49F,C4652,1546520,48,722511,889,471,12079,2020-06-01
"Urban Honolulu, HI MSA",Honolulu,S49F,C4652,1546520,48,722511,889,471,8503,2020-05-01
"Urban Honolulu, HI MSA",Honolulu,S49F,C4652,1546520,48,722511,889,471,7709,2020-04-01
"Urban Honolulu, HI MSA",Honolulu,S49F,C4652,1546520,48,722511,889,541,23216,2020-03-01
"Urban Honolulu, HI MSA",Honolulu,S49F,C4652,1546520,48,722511,889,541,23961,2020-02-01
"Urban Honolulu, HI MSA",Honolulu,S49F,C4652,1546520,48,722511,889,541,23950,2020-01-01
"Urban Honolulu, HI MSA",Honolulu,S49F,C4652,1546520,48,722511,899,535,24457,2019-12-01
"Urban Honolulu, HI MSA",Honolulu,S49F,C4652,1546520,48,722511,899,535,24156,2019-11-01
"Urban Honolulu, HI MSA",Honolulu,S49F,C4652,1546520,48,722511,899,535,23838,2019-10-01
"Urban Honolulu, HI MSA",Honolulu,S49F,C4652,1546520,48,722511,893,536,24147,2019-09-01
"Urban Honolulu, HI MSA",Honolulu,S49F,C4652,1546520,48,722511,893,536,24283,2019-08-01
"Urban Honolulu, HI MSA",Honolulu,S49F,C4652,1546520,48,722511,893,536,24241,2019-07-01
"Urban Honolulu, HI MSA",Honolulu,S49F,C4652,1546520,48,722511,891,530,24370,2019-06-01
"Urban Honolulu, HI MSA",Honolulu,S49F,C4652,1546520,48,722511,891,530,24258,2019-05-01
"Urban Honolulu, HI MSA",Honolulu,S49F,C4652,1546520,48,722511,891,530,24325,2019-04-01
"Urban Honolulu, HI MSA",Honolulu,S49F,C4652,1546520,48,722511,884,519,24627,2019-03-01
"Urban Honolulu, HI MSA",Honolulu,S49F,C4652,1546520,48,722511,884,519,24330,2019-02-01
"Urban Honolulu, HI MSA",Honolulu,S49F,C4652,1546520,48,722511,884,519,24286,2019-01-01
