area_name,simple_area_name,cpi_fips,qcew_fips,sae_fips,oi_id,series_id,date,value,yoy_pct_chg,mo2m_annl_chg,mo2m_pct_chg
"Atlanta-Sandy Springs-Roswell, GA",Atlanta,S35C,C1206,1312060,36,CUURS35CSEFV,2023-08-01,387.285,9.92,9.63,1.54
"Atlanta-Sandy Springs-Roswell, GA",Atlanta,S35C,C1206,1312060,36,CUURS35CSEFV,2023-06-01,381.395,10.91,-1.79,-0.3
"Atlanta-Sandy Springs-Roswell, GA",Atlanta,S35C,C1206,1312060,36,CUURS35CSEFV,2023-04-01,382.542,12.37,12.73,2.02
"Atlanta-Sandy Springs-Roswell, GA",Atlanta,S35C,C1206,1312060,36,CUURS35CSEFV,2023-02-01,374.977,11.4,24,3.65
"Atlanta-Sandy Springs-Roswell, GA",Atlanta,S35C,C1206,1312060,36,CUURS35CSEFV,2022-12-01,361.77,9.77,3.82,0.63
"Atlanta-Sandy Springs-Roswell, GA",Atlanta,S35C,C1206,1312060,36,CUURS35CSEFV,2022-10-01,359.517,10.79,12.9,2.04
"Atlanta-Sandy Springs-Roswell, GA",Atlanta,S35C,C1206,1312060,36,CUURS35CSEFV,2022-08-01,352.322,9.8,15.67,2.46
"Atlanta-Sandy Springs-Roswell, GA",Atlanta,S35C,C1206,1312060,36,CUURS35CSEFV,2022-06-01,343.877,8.63,6.23,1.01
"Atlanta-Sandy Springs-Roswell, GA",Atlanta,S35C,C1206,1312060,36,CUURS35CSEFV,2022-04-01,340.431,8.97,7.03,1.14
"Atlanta-Sandy Springs-Roswell, GA",Atlanta,S35C,C1206,1312060,36,CUURS35CSEFV,2022-02-01,336.596,7.59,13.49,2.13
"Atlanta-Sandy Springs-Roswell, GA",Atlanta,S35C,C1206,1312060,36,CUURS35CSEFV,2021-12-01,329.573,3.33,9.76,1.56
"Atlanta-Sandy Springs-Roswell, GA",Atlanta,S35C,C1206,1312060,36,CUURS35CSEFV,2021-10-01,324.495,2.44,6.94,1.13
"Atlanta-Sandy Springs-Roswell, GA",Atlanta,S35C,C1206,1312060,36,CUURS35CSEFV,2021-08-01,320.885,2.18,8.48,1.37
"Atlanta-Sandy Springs-Roswell, GA",Atlanta,S35C,C1206,1312060,36,CUURS35CSEFV,2021-06-01,316.562,2.77,8.25,1.33
"Atlanta-Sandy Springs-Roswell, GA",Atlanta,S35C,C1206,1312060,36,CUURS35CSEFV,2021-04-01,312.408,0.01,-0.87,-0.14
"Atlanta-Sandy Springs-Roswell, GA",Atlanta,S35C,C1206,1312060,36,CUURS35CSEFV,2021-02-01,312.861,0.21,-10.91,-1.91
"Atlanta-Sandy Springs-Roswell, GA",Atlanta,S35C,C1206,1312060,36,CUURS35CSEFV,2020-12-01,318.941,2.78,4.18,0.68
"Atlanta-Sandy Springs-Roswell, GA",Atlanta,S35C,C1206,1312060,36,CUURS35CSEFV,2020-10-01,316.774,2.7,5.33,0.87
"Atlanta-Sandy Springs-Roswell, GA",Atlanta,S35C,C1206,1312060,36,CUURS35CSEFV,2020-08-01,314.045,2.42,12.29,1.95
"Atlanta-Sandy Springs-Roswell, GA",Atlanta,S35C,C1206,1312060,36,CUURS35CSEFV,2020-06-01,308.035,1.45,-8.07,-1.39
"Atlanta-Sandy Springs-Roswell, GA",Atlanta,S35C,C1206,1312060,36,CUURS35CSEFV,2020-04-01,312.386,3.68,0.33,0.06
"Atlanta-Sandy Springs-Roswell, GA",Atlanta,S35C,C1206,1312060,36,CUURS35CSEFV,2020-02-01,312.214,3.6,3.75,0.62
"Atlanta-Sandy Springs-Roswell, GA",Atlanta,S35C,C1206,1312060,36,CUURS35CSEFV,2019-12-01,310.304,4,3.7,0.61
"Atlanta-Sandy Springs-Roswell, GA",Atlanta,S35C,C1206,1312060,36,CUURS35CSEFV,2019-10-01,308.432,3.48,3.62,0.59
"Atlanta-Sandy Springs-Roswell, GA",Atlanta,S35C,C1206,1312060,36,CUURS35CSEFV,2019-08-01,306.611,2.94,6.05,0.98
"Atlanta-Sandy Springs-Roswell, GA",Atlanta,S35C,C1206,1312060,36,CUURS35CSEFV,2019-06-01,303.623,2.65,4.7,0.77
"Atlanta-Sandy Springs-Roswell, GA",Atlanta,S35C,C1206,1312060,36,CUURS35CSEFV,2019-04-01,301.309,2.03,-0.13,-0.02
"Atlanta-Sandy Springs-Roswell, GA",Atlanta,S35C,C1206,1312060,36,CUURS35CSEFV,2019-02-01,301.375,2.58,6.19,1.01
"Atlanta-Sandy Springs-Roswell, GA",Atlanta,S35C,C1206,1312060,36,CUURS35CSEFV,2018-12-01,298.374,NA,0.66,0.11
"Atlanta-Sandy Springs-Roswell, GA",Atlanta,S35C,C1206,1312060,36,CUURS35CSEFV,2018-10-01,298.048,NA,0.37,0.06
"Atlanta-Sandy Springs-Roswell, GA",Atlanta,S35C,C1206,1312060,36,CUURS35CSEFV,2018-08-01,297.864,NA,4.29,0.7
"Atlanta-Sandy Springs-Roswell, GA",Atlanta,S35C,C1206,1312060,36,CUURS35CSEFV,2018-06-01,295.786,NA,0.93,0.16
"Atlanta-Sandy Springs-Roswell, GA",Atlanta,S35C,C1206,1312060,36,CUURS35CSEFV,2018-04-01,295.328,NA,3.18,0.52
"Atlanta-Sandy Springs-Roswell, GA",Atlanta,S35C,C1206,1312060,36,CUURS35CSEFV,2018-02-01,293.792,NA,NA,NA
"Boston-Cambridge-Newton, MA-NH",Boston,S11A,C1446,2571650,25,CUURS11ASEFV,2023-09-01,409.225,6.66,19.16,2.96
"Boston-Cambridge-Newton, MA-NH",Boston,S11A,C1446,2571650,25,CUURS11ASEFV,2023-07-01,397.441,5.15,9.55,1.53
"Boston-Cambridge-Newton, MA-NH",Boston,S11A,C1446,2571650,25,CUURS11ASEFV,2023-05-01,391.442,7.97,10.28,1.64
"Boston-Cambridge-Newton, MA-NH",Boston,S11A,C1446,2571650,25,CUURS11ASEFV,2023-03-01,385.111,6.11,7.56,1.22
"Boston-Cambridge-Newton, MA-NH",Boston,S11A,C1446,2571650,25,CUURS11ASEFV,2023-01-01,380.46,6.72,3.4,0.56
"Boston-Cambridge-Newton, MA-NH",Boston,S11A,C1446,2571650,25,CUURS11ASEFV,2022-11-01,378.348,8.17,-8.03,-1.39
"Boston-Cambridge-Newton, MA-NH",Boston,S11A,C1446,2571650,25,CUURS11ASEFV,2022-09-01,383.666,9.93,9.41,1.51
"Boston-Cambridge-Newton, MA-NH",Boston,S11A,C1446,2571650,25,CUURS11ASEFV,2022-07-01,377.96,9.43,28.37,4.25
"Boston-Cambridge-Newton, MA-NH",Boston,S11A,C1446,2571650,25,CUURS11ASEFV,2022-05-01,362.55,7.57,-0.64,-0.11
"Boston-Cambridge-Newton, MA-NH",Boston,S11A,C1446,2571650,25,CUURS11ASEFV,2022-03-01,362.937,8.66,11.32,1.8
"Boston-Cambridge-Newton, MA-NH",Boston,S11A,C1446,2571650,25,CUURS11ASEFV,2022-01-01,356.507,9.56,12.15,1.93
"Boston-Cambridge-Newton, MA-NH",Boston,S11A,C1446,2571650,25,CUURS11ASEFV,2021-11-01,349.756,9.82,1.28,0.21
"Boston-Cambridge-Newton, MA-NH",Boston,S11A,C1446,2571650,25,CUURS11ASEFV,2021-09-01,349.016,10.24,6.45,1.05
"Boston-Cambridge-Newton, MA-NH",Boston,S11A,C1446,2571650,25,CUURS11ASEFV,2021-07-01,345.397,9.38,15.87,2.49
"Boston-Cambridge-Newton, MA-NH",Boston,S11A,C1446,2571650,25,CUURS11ASEFV,2021-05-01,337.021,6.64,5.52,0.9
"Boston-Cambridge-Newton, MA-NH",Boston,S11A,C1446,2571650,25,CUURS11ASEFV,2021-03-01,334.016,8.72,16.98,2.65
"Boston-Cambridge-Newton, MA-NH",Boston,S11A,C1446,2571650,25,CUURS11ASEFV,2021-01-01,325.397,6.13,13.73,2.17
"Boston-Cambridge-Newton, MA-NH",Boston,S11A,C1446,2571650,25,CUURS11ASEFV,2020-11-01,318.495,5.7,3.67,0.6
"Boston-Cambridge-Newton, MA-NH",Boston,S11A,C1446,2571650,25,CUURS11ASEFV,2020-09-01,316.585,4.98,1.54,0.25
"Boston-Cambridge-Newton, MA-NH",Boston,S11A,C1446,2571650,25,CUURS11ASEFV,2020-07-01,315.781,5.24,-0.51,-0.08
"Boston-Cambridge-Newton, MA-NH",Boston,S11A,C1446,2571650,25,CUURS11ASEFV,2020-05-01,316.048,6.08,18.53,2.87
"Boston-Cambridge-Newton, MA-NH",Boston,S11A,C1446,2571650,25,CUURS11ASEFV,2020-03-01,307.221,2.82,1.23,0.2
"Boston-Cambridge-Newton, MA-NH",Boston,S11A,C1446,2571650,25,CUURS11ASEFV,2020-01-01,306.598,2.69,10.96,1.75
"Boston-Cambridge-Newton, MA-NH",Boston,S11A,C1446,2571650,25,CUURS11ASEFV,2019-11-01,301.331,1.96,-0.47,-0.08
"Boston-Cambridge-Newton, MA-NH",Boston,S11A,C1446,2571650,25,CUURS11ASEFV,2019-09-01,301.568,2.4,3.04,0.5
"Boston-Cambridge-Newton, MA-NH",Boston,S11A,C1446,2571650,25,CUURS11ASEFV,2019-07-01,300.065,2.04,4.38,0.72
"Boston-Cambridge-Newton, MA-NH",Boston,S11A,C1446,2571650,25,CUURS11ASEFV,2019-05-01,297.931,2.03,-1.74,-0.29
"Boston-Cambridge-Newton, MA-NH",Boston,S11A,C1446,2571650,25,CUURS11ASEFV,2019-03-01,298.802,2.67,0.45,0.07
"Boston-Cambridge-Newton, MA-NH",Boston,S11A,C1446,2571650,25,CUURS11ASEFV,2019-01-01,298.58,2.4,6.35,1.03
"Boston-Cambridge-Newton, MA-NH",Boston,S11A,C1446,2571650,25,CUURS11ASEFV,2018-11-01,295.534,NA,2.13,0.35
"Boston-Cambridge-Newton, MA-NH",Boston,S11A,C1446,2571650,25,CUURS11ASEFV,2018-09-01,294.499,NA,0.86,0.14
"Boston-Cambridge-Newton, MA-NH",Boston,S11A,C1446,2571650,25,CUURS11ASEFV,2018-07-01,294.08,NA,4.37,0.72
"Boston-Cambridge-Newton, MA-NH",Boston,S11A,C1446,2571650,25,CUURS11ASEFV,2018-05-01,291.991,NA,1.97,0.33
"Boston-Cambridge-Newton, MA-NH",Boston,S11A,C1446,2571650,25,CUURS11ASEFV,2018-03-01,291.045,NA,-1.08,-0.18
"Boston-Cambridge-Newton, MA-NH",Boston,S11A,C1446,2571650,25,CUURS11ASEFV,2018-01-01,291.574,NA,NA,NA
"Dallas-Fort Worth-Arlington, TX",Dallas,S37A,C1910,4819100,7,CUURS37ASEFV,2023-09-01,409.024,11.72,11.12,1.77
"Dallas-Fort Worth-Arlington, TX",Dallas,S37A,C1910,4819100,7,CUURS37ASEFV,2023-07-01,401.9,12.59,6.11,0.99
"Dallas-Fort Worth-Arlington, TX",Dallas,S37A,C1910,4819100,7,CUURS37ASEFV,2023-05-01,397.945,13.61,9.97,1.6
"Dallas-Fort Worth-Arlington, TX",Dallas,S37A,C1910,4819100,7,CUURS37ASEFV,2023-03-01,391.693,14.14,11.33,1.8
"Dallas-Fort Worth-Arlington, TX",Dallas,S37A,C1910,4819100,7,CUURS37ASEFV,2023-01-01,384.749,14.6,17.33,2.7
"Dallas-Fort Worth-Arlington, TX",Dallas,S37A,C1910,4819100,7,CUURS37ASEFV,2022-09-01,374.636,11.12,14.81,2.33
"Dallas-Fort Worth-Arlington, TX",Dallas,S37A,C1910,4819100,7,CUURS37ASEFV,2022-07-01,366.109,10.04,16.38,2.56
"Dallas-Fort Worth-Arlington, TX",Dallas,S37A,C1910,4819100,7,CUURS37ASEFV,2022-05-01,356.967,8.15,12.04,1.91
"Dallas-Fort Worth-Arlington, TX",Dallas,S37A,C1910,4819100,7,CUURS37ASEFV,2022-03-01,350.266,5.5,13.08,2.07
"Dallas-Fort Worth-Arlington, TX",Dallas,S37A,C1910,4819100,7,CUURS37ASEFV,2022-01-01,343.163,1.43,14.06,2.22
"Dallas-Fort Worth-Arlington, TX",Dallas,S37A,C1910,4819100,7,CUURS37ASEFV,2021-11-01,335.719,1.38,-2.51,-0.42
"Dallas-Fort Worth-Arlington, TX",Dallas,S37A,C1910,4819100,7,CUURS37ASEFV,2021-09-01,337.147,4.68,8.27,1.33
"Dallas-Fort Worth-Arlington, TX",Dallas,S37A,C1910,4819100,7,CUURS37ASEFV,2021-07-01,332.712,3.89,4.93,0.81
"Dallas-Fort Worth-Arlington, TX",Dallas,S37A,C1910,4819100,7,CUURS37ASEFV,2021-05-01,330.055,4.2,-3.49,-0.59
"Dallas-Fort Worth-Arlington, TX",Dallas,S37A,C1910,4819100,7,CUURS37ASEFV,2021-03-01,332.015,5.01,-10.68,-1.87
"Dallas-Fort Worth-Arlington, TX",Dallas,S37A,C1910,4819100,7,CUURS37ASEFV,2021-01-01,338.327,7.03,13.75,2.17
"Dallas-Fort Worth-Arlington, TX",Dallas,S37A,C1910,4819100,7,CUURS37ASEFV,2020-11-01,331.141,4.68,18.1,2.81
"Dallas-Fort Worth-Arlington, TX",Dallas,S37A,C1910,4819100,7,CUURS37ASEFV,2020-09-01,322.086,1.97,3.47,0.57
"Dallas-Fort Worth-Arlington, TX",Dallas,S37A,C1910,4819100,7,CUURS37ASEFV,2020-07-01,320.262,2.19,6.82,1.11
"Dallas-Fort Worth-Arlington, TX",Dallas,S37A,C1910,4819100,7,CUURS37ASEFV,2020-05-01,316.759,1.25,1.12,0.19
"Dallas-Fort Worth-Arlington, TX",Dallas,S37A,C1910,4819100,7,CUURS37ASEFV,2020-03-01,316.173,1.95,0.15,0.02
"Dallas-Fort Worth-Arlington, TX",Dallas,S37A,C1910,4819100,7,CUURS37ASEFV,2020-01-01,316.094,2.42,-0.45,-0.08
"Dallas-Fort Worth-Arlington, TX",Dallas,S37A,C1910,4819100,7,CUURS37ASEFV,2019-11-01,316.334,4.58,0.89,0.15
"Dallas-Fort Worth-Arlington, TX",Dallas,S37A,C1910,4819100,7,CUURS37ASEFV,2019-09-01,315.868,5.14,4.8,0.78
"Dallas-Fort Worth-Arlington, TX",Dallas,S37A,C1910,4819100,7,CUURS37ASEFV,2019-07-01,313.411,4.65,1.08,0.18
"Dallas-Fort Worth-Arlington, TX",Dallas,S37A,C1910,4819100,7,CUURS37ASEFV,2019-05-01,312.85,5.06,5.37,0.88
"Dallas-Fort Worth-Arlington, TX",Dallas,S37A,C1910,4819100,7,CUURS37ASEFV,2019-03-01,310.134,4.19,2.97,0.49
"Dallas-Fort Worth-Arlington, TX",Dallas,S37A,C1910,4819100,7,CUURS37ASEFV,2019-01-01,308.627,3.74,12.8,2.03
"Dallas-Fort Worth-Arlington, TX",Dallas,S37A,C1910,4819100,7,CUURS37ASEFV,2018-11-01,302.492,NA,4.19,0.69
"Dallas-Fort Worth-Arlington, TX",Dallas,S37A,C1910,4819100,7,CUURS37ASEFV,2018-09-01,300.428,NA,1.91,0.32
"Dallas-Fort Worth-Arlington, TX",Dallas,S37A,C1910,4819100,7,CUURS37ASEFV,2018-07-01,299.482,NA,3.45,0.57
"Dallas-Fort Worth-Arlington, TX",Dallas,S37A,C1910,4819100,7,CUURS37ASEFV,2018-05-01,297.793,NA,0.29,0.05
"Dallas-Fort Worth-Arlington, TX",Dallas,S37A,C1910,4819100,7,CUURS37ASEFV,2018-03-01,297.648,NA,0.29,0.05
"Dallas-Fort Worth-Arlington, TX",Dallas,S37A,C1910,4819100,7,CUURS37ASEFV,2018-01-01,297.506,NA,NA,NA
"Los Angeles-Long Beach-Anaheim, CA",Los Angeles,S49A,C3108,0631080,1,CUURS49ASEFV,2023-09-01,343.02,6.19,2.66,0.44
"Los Angeles-Long Beach-Anaheim, CA",Los Angeles,S49A,C3108,0631080,1,CUURS49ASEFV,2023-08-01,341.505,6.19,1.95,0.32
"Los Angeles-Long Beach-Anaheim, CA",Los Angeles,S49A,C3108,0631080,1,CUURS49ASEFV,2023-07-01,341.524,6.98,3.54,0.58
"Los Angeles-Long Beach-Anaheim, CA",Los Angeles,S49A,C3108,0631080,1,CUURS49ASEFV,2023-06-01,340.405,6.96,2.13,0.35
"Los Angeles-Long Beach-Anaheim, CA",Los Angeles,S49A,C3108,0631080,1,CUURS49ASEFV,2023-05-01,339.551,7.15,5.12,0.84
"Los Angeles-Long Beach-Anaheim, CA",Los Angeles,S49A,C3108,0631080,1,CUURS49ASEFV,2023-04-01,339.214,7.88,9.93,1.59
"Los Angeles-Long Beach-Anaheim, CA",Los Angeles,S49A,C3108,0631080,1,CUURS49ASEFV,2023-03-01,336.738,7.78,8.91,1.43
"Los Angeles-Long Beach-Anaheim, CA",Los Angeles,S49A,C3108,0631080,1,CUURS49ASEFV,2023-02-01,333.904,6.72,6.72,1.09
"Los Angeles-Long Beach-Anaheim, CA",Los Angeles,S49A,C3108,0631080,1,CUURS49ASEFV,2023-01-01,331.98,5.37,9.89,1.58
"Los Angeles-Long Beach-Anaheim, CA",Los Angeles,S49A,C3108,0631080,1,CUURS49ASEFV,2022-12-01,330.302,5.74,9.64,1.55
"Los Angeles-Long Beach-Anaheim, CA",Los Angeles,S49A,C3108,0631080,1,CUURS49ASEFV,2022-11-01,326.801,4.73,7.21,1.17
"Los Angeles-Long Beach-Anaheim, CA",Los Angeles,S49A,C3108,0631080,1,CUURS49ASEFV,2022-10-01,325.274,4.53,7.05,1.14
"Los Angeles-Long Beach-Anaheim, CA",Los Angeles,S49A,C3108,0631080,1,CUURS49ASEFV,2022-09-01,323.031,5.75,7.37,1.19
"Los Angeles-Long Beach-Anaheim, CA",Los Angeles,S49A,C3108,0631080,1,CUURS49ASEFV,2022-08-01,321.602,5.8,6.5,1.05
"Los Angeles-Long Beach-Anaheim, CA",Los Angeles,S49A,C3108,0631080,1,CUURS49ASEFV,2022-07-01,319.227,6.28,4.53,0.74
"Los Angeles-Long Beach-Anaheim, CA",Los Angeles,S49A,C3108,0631080,1,CUURS49ASEFV,2022-06-01,318.245,6.04,7.52,1.22
"Los Angeles-Long Beach-Anaheim, CA",Los Angeles,S49A,C3108,0631080,1,CUURS49ASEFV,2022-05-01,316.88,5.57,8.86,1.43
"Los Angeles-Long Beach-Anaheim, CA",Los Angeles,S49A,C3108,0631080,1,CUURS49ASEFV,2022-04-01,314.422,5.22,3.03,0.5
"Los Angeles-Long Beach-Anaheim, CA",Los Angeles,S49A,C3108,0631080,1,CUURS49ASEFV,2022-03-01,312.426,5.22,-4.92,-0.84
"Los Angeles-Long Beach-Anaheim, CA",Los Angeles,S49A,C3108,0631080,1,CUURS49ASEFV,2022-02-01,312.864,6.07,0.92,0.15
"Los Angeles-Long Beach-Anaheim, CA",Los Angeles,S49A,C3108,0631080,1,CUURS49ASEFV,2022-01-01,315.065,6.37,5.93,0.96
"Los Angeles-Long Beach-Anaheim, CA",Los Angeles,S49A,C3108,0631080,1,CUURS49ASEFV,2021-12-01,312.385,5.96,2.36,0.39
"Los Angeles-Long Beach-Anaheim, CA",Los Angeles,S49A,C3108,0631080,1,CUURS49ASEFV,2021-11-01,312.056,6.1,13.68,2.16
"Los Angeles-Long Beach-Anaheim, CA",Los Angeles,S49A,C3108,0631080,1,CUURS49ASEFV,2021-10-01,311.173,5.9,15.06,2.37
"Los Angeles-Long Beach-Anaheim, CA",Los Angeles,S49A,C3108,0631080,1,CUURS49ASEFV,2021-09-01,305.459,4.18,10.64,1.7
"Los Angeles-Long Beach-Anaheim, CA",Los Angeles,S49A,C3108,0631080,1,CUURS49ASEFV,2021-08-01,303.98,4.25,7.95,1.28
"Los Angeles-Long Beach-Anaheim, CA",Los Angeles,S49A,C3108,0631080,1,CUURS49ASEFV,2021-07-01,300.355,3.04,0.36,0.06
"Los Angeles-Long Beach-Anaheim, CA",Los Angeles,S49A,C3108,0631080,1,CUURS49ASEFV,2021-06-01,300.127,3.88,2.65,0.44
"Los Angeles-Long Beach-Anaheim, CA",Los Angeles,S49A,C3108,0631080,1,CUURS49ASEFV,2021-05-01,300.175,4.37,6.77,1.1
"Los Angeles-Long Beach-Anaheim, CA",Los Angeles,S49A,C3108,0631080,1,CUURS49ASEFV,2021-04-01,298.823,4.17,8.09,1.31
"Los Angeles-Long Beach-Anaheim, CA",Los Angeles,S49A,C3108,0631080,1,CUURS49ASEFV,2021-03-01,296.916,4.15,1.49,0.25
"Los Angeles-Long Beach-Anaheim, CA",Los Angeles,S49A,C3108,0631080,1,CUURS49ASEFV,2021-02-01,294.972,3.12,0.32,0.05
"Los Angeles-Long Beach-Anaheim, CA",Los Angeles,S49A,C3108,0631080,1,CUURS49ASEFV,2021-01-01,296.186,4.4,4.3,0.7
"Los Angeles-Long Beach-Anaheim, CA",Los Angeles,S49A,C3108,0631080,1,CUURS49ASEFV,2020-12-01,294.816,5.56,2.04,0.34
"Los Angeles-Long Beach-Anaheim, CA",Los Angeles,S49A,C3108,0631080,1,CUURS49ASEFV,2020-11-01,294.116,5.33,1.85,0.31
"Los Angeles-Long Beach-Anaheim, CA",Los Angeles,S49A,C3108,0631080,1,CUURS49ASEFV,2020-10-01,293.824,5.16,4.67,0.76
"Los Angeles-Long Beach-Anaheim, CA",Los Angeles,S49A,C3108,0631080,1,CUURS49ASEFV,2020-09-01,293.217,5.14,3.6,0.59
"Los Angeles-Long Beach-Anaheim, CA",Los Angeles,S49A,C3108,0631080,1,CUURS49ASEFV,2020-08-01,291.598,5.59,5.72,0.93
"Los Angeles-Long Beach-Anaheim, CA",Los Angeles,S49A,C3108,0631080,1,CUURS49ASEFV,2020-07-01,291.494,5.69,8.36,1.35
"Los Angeles-Long Beach-Anaheim, CA",Los Angeles,S49A,C3108,0631080,1,CUURS49ASEFV,2020-06-01,288.908,5.3,4.33,0.71
"Los Angeles-Long Beach-Anaheim, CA",Los Angeles,S49A,C3108,0631080,1,CUURS49ASEFV,2020-05-01,287.618,4.86,5.45,0.89
"Los Angeles-Long Beach-Anaheim, CA",Los Angeles,S49A,C3108,0631080,1,CUURS49ASEFV,2020-04-01,286.872,4.82,1.76,0.29
"Los Angeles-Long Beach-Anaheim, CA",Los Angeles,S49A,C3108,0631080,1,CUURS49ASEFV,2020-03-01,285.087,5.22,2.98,0.49
"Los Angeles-Long Beach-Anaheim, CA",Los Angeles,S49A,C3108,0631080,1,CUURS49ASEFV,2020-02-01,286.037,5.81,15.38,2.41
"Los Angeles-Long Beach-Anaheim, CA",Los Angeles,S49A,C3108,0631080,1,CUURS49ASEFV,2020-01-01,283.693,4.98,9.96,1.6
"Los Angeles-Long Beach-Anaheim, CA",Los Angeles,S49A,C3108,0631080,1,CUURS49ASEFV,2019-12-01,279.297,4.48,-0.22,-0.04
"Los Angeles-Long Beach-Anaheim, CA",Los Angeles,S49A,C3108,0631080,1,CUURS49ASEFV,2019-11-01,279.237,4.57,0.78,0.13
"Los Angeles-Long Beach-Anaheim, CA",Los Angeles,S49A,C3108,0631080,1,CUURS49ASEFV,2019-10-01,279.4,5.96,7.22,1.17
"Los Angeles-Long Beach-Anaheim, CA",Los Angeles,S49A,C3108,0631080,1,CUURS49ASEFV,2019-09-01,278.875,5.95,6.89,1.12
"Los Angeles-Long Beach-Anaheim, CA",Los Angeles,S49A,C3108,0631080,1,CUURS49ASEFV,2019-08-01,276.171,5.09,3.99,0.65
"Los Angeles-Long Beach-Anaheim, CA",Los Angeles,S49A,C3108,0631080,1,CUURS49ASEFV,2019-07-01,275.796,5.18,3.33,0.55
"Los Angeles-Long Beach-Anaheim, CA",Los Angeles,S49A,C3108,0631080,1,CUURS49ASEFV,2019-06-01,274.377,4.76,1.52,0.25
"Los Angeles-Long Beach-Anaheim, CA",Los Angeles,S49A,C3108,0631080,1,CUURS49ASEFV,2019-05-01,274.293,5.16,7.67,1.24
"Los Angeles-Long Beach-Anaheim, CA",Los Angeles,S49A,C3108,0631080,1,CUURS49ASEFV,2019-04-01,273.686,5,7.65,1.24
"Los Angeles-Long Beach-Anaheim, CA",Los Angeles,S49A,C3108,0631080,1,CUURS49ASEFV,2019-03-01,270.937,4.56,1.54,0.25
"Los Angeles-Long Beach-Anaheim, CA",Los Angeles,S49A,C3108,0631080,1,CUURS49ASEFV,2019-02-01,270.343,4.53,6.98,1.13
"Los Angeles-Long Beach-Anaheim, CA",Los Angeles,S49A,C3108,0631080,1,CUURS49ASEFV,2019-01-01,270.248,4.79,7.45,1.2
"Los Angeles-Long Beach-Anaheim, CA",Los Angeles,S49A,C3108,0631080,1,CUURS49ASEFV,2018-12-01,267.322,NA,8.55,1.38
"Los Angeles-Long Beach-Anaheim, CA",Los Angeles,S49A,C3108,0631080,1,CUURS49ASEFV,2018-11-01,267.031,NA,9.03,1.45
"Los Angeles-Long Beach-Anaheim, CA",Los Angeles,S49A,C3108,0631080,1,CUURS49ASEFV,2018-10-01,263.691,NA,2.06,0.34
"Los Angeles-Long Beach-Anaheim, CA",Los Angeles,S49A,C3108,0631080,1,CUURS49ASEFV,2018-09-01,263.212,NA,2.32,0.38
"Los Angeles-Long Beach-Anaheim, CA",Los Angeles,S49A,C3108,0631080,1,CUURS49ASEFV,2018-08-01,262.795,NA,2.06,0.34
"Los Angeles-Long Beach-Anaheim, CA",Los Angeles,S49A,C3108,0631080,1,CUURS49ASEFV,2018-07-01,262.209,NA,3.21,0.53
"Los Angeles-Long Beach-Anaheim, CA",Los Angeles,S49A,C3108,0631080,1,CUURS49ASEFV,2018-06-01,261.902,NA,2.89,0.48
"Los Angeles-Long Beach-Anaheim, CA",Los Angeles,S49A,C3108,0631080,1,CUURS49ASEFV,2018-05-01,260.832,NA,4.05,0.66
"Los Angeles-Long Beach-Anaheim, CA",Los Angeles,S49A,C3108,0631080,1,CUURS49ASEFV,2018-04-01,260.662,NA,4.79,0.78
"Los Angeles-Long Beach-Anaheim, CA",Los Angeles,S49A,C3108,0631080,1,CUURS49ASEFV,2018-03-01,259.111,NA,2.87,0.47
"Los Angeles-Long Beach-Anaheim, CA",Los Angeles,S49A,C3108,0631080,1,CUURS49ASEFV,2018-02-01,258.638,NA,NA,NA
"Los Angeles-Long Beach-Anaheim, CA",Los Angeles,S49A,C3108,0631080,1,CUURS49ASEFV,2018-01-01,257.892,NA,NA,NA
"Miami-Fort Lauderdale-West Palm Beach, FL",Miami,S35B,C3310,1233100,38,CUURS35BSEFV,2023-08-01,360.629,7.87,3.22,0.53
"Miami-Fort Lauderdale-West Palm Beach, FL",Miami,S35B,C3310,1233100,38,CUURS35BSEFV,2023-06-01,358.727,9.08,7.89,1.27
"Miami-Fort Lauderdale-West Palm Beach, FL",Miami,S35B,C3310,1233100,38,CUURS35BSEFV,2023-04-01,354.214,7.72,5.01,0.82
"Miami-Fort Lauderdale-West Palm Beach, FL",Miami,S35B,C3310,1233100,38,CUURS35BSEFV,2023-02-01,351.341,8.37,8.47,1.36
"Miami-Fort Lauderdale-West Palm Beach, FL",Miami,S35B,C3310,1233100,38,CUURS35BSEFV,2022-12-01,346.614,7.43,21.96,3.36
"Miami-Fort Lauderdale-West Palm Beach, FL",Miami,S35B,C3310,1233100,38,CUURS35BSEFV,2022-10-01,335.331,5.47,1.83,0.3
"Miami-Fort Lauderdale-West Palm Beach, FL",Miami,S35B,C3310,1233100,38,CUURS35BSEFV,2022-08-01,334.319,7.24,10.4,1.66
"Miami-Fort Lauderdale-West Palm Beach, FL",Miami,S35B,C3310,1233100,38,CUURS35BSEFV,2022-06-01,328.851,4.91,0.06,0.01
"Miami-Fort Lauderdale-West Palm Beach, FL",Miami,S35B,C3310,1233100,38,CUURS35BSEFV,2022-04-01,328.818,7.99,8.86,1.42
"Miami-Fort Lauderdale-West Palm Beach, FL",Miami,S35B,C3310,1233100,38,CUURS35BSEFV,2022-02-01,324.2,8.91,2.92,0.48
"Miami-Fort Lauderdale-West Palm Beach, FL",Miami,S35B,C3310,1233100,38,CUURS35BSEFV,2021-12-01,322.647,7.93,9.24,1.48
"Miami-Fort Lauderdale-West Palm Beach, FL",Miami,S35B,C3310,1233100,38,CUURS35BSEFV,2021-10-01,317.929,6.29,12.49,1.98
"Miami-Fort Lauderdale-West Palm Beach, FL",Miami,S35B,C3310,1233100,38,CUURS35BSEFV,2021-08-01,311.755,4.45,-3.22,-0.54
"Miami-Fort Lauderdale-West Palm Beach, FL",Miami,S35B,C3310,1233100,38,CUURS35BSEFV,2021-06-01,313.461,4.7,19.02,2.94
"Miami-Fort Lauderdale-West Palm Beach, FL",Miami,S35B,C3310,1233100,38,CUURS35BSEFV,2021-04-01,304.495,1.64,14.56,2.29
"Miami-Fort Lauderdale-West Palm Beach, FL",Miami,S35B,C3310,1233100,38,CUURS35BSEFV,2021-02-01,297.674,0.53,-2.53,-0.43
"Miami-Fort Lauderdale-West Palm Beach, FL",Miami,S35B,C3310,1233100,38,CUURS35BSEFV,2020-12-01,298.949,2.06,-0.3,-0.05
"Miami-Fort Lauderdale-West Palm Beach, FL",Miami,S35B,C3310,1233100,38,CUURS35BSEFV,2020-10-01,299.101,2.29,1.25,0.21
"Miami-Fort Lauderdale-West Palm Beach, FL",Miami,S35B,C3310,1233100,38,CUURS35BSEFV,2020-08-01,298.483,2.45,-1.83,-0.31
"Miami-Fort Lauderdale-West Palm Beach, FL",Miami,S35B,C3310,1233100,38,CUURS35BSEFV,2020-06-01,299.402,2.77,-0.34,-0.06
"Miami-Fort Lauderdale-West Palm Beach, FL",Miami,S35B,C3310,1233100,38,CUURS35BSEFV,2020-04-01,299.572,2.91,7.25,1.17
"Miami-Fort Lauderdale-West Palm Beach, FL",Miami,S35B,C3310,1233100,38,CUURS35BSEFV,2020-02-01,296.099,2.36,6.7,1.09
"Miami-Fort Lauderdale-West Palm Beach, FL",Miami,S35B,C3310,1233100,38,CUURS35BSEFV,2019-12-01,292.916,1.42,1.05,0.17
"Miami-Fort Lauderdale-West Palm Beach, FL",Miami,S35B,C3310,1233100,38,CUURS35BSEFV,2019-10-01,292.408,2.25,2.19,0.36
"Miami-Fort Lauderdale-West Palm Beach, FL",Miami,S35B,C3310,1233100,38,CUURS35BSEFV,2019-08-01,291.352,0.83,0.06,0.01
"Miami-Fort Lauderdale-West Palm Beach, FL",Miami,S35B,C3310,1233100,38,CUURS35BSEFV,2019-06-01,291.321,1.55,0.46,0.08
"Miami-Fort Lauderdale-West Palm Beach, FL",Miami,S35B,C3310,1233100,38,CUURS35BSEFV,2019-04-01,291.096,1.53,3.85,0.63
"Miami-Fort Lauderdale-West Palm Beach, FL",Miami,S35B,C3310,1233100,38,CUURS35BSEFV,2019-02-01,289.267,2.04,0.97,0.16
"Miami-Fort Lauderdale-West Palm Beach, FL",Miami,S35B,C3310,1233100,38,CUURS35BSEFV,2018-12-01,288.804,NA,6.07,0.99
"Miami-Fort Lauderdale-West Palm Beach, FL",Miami,S35B,C3310,1233100,38,CUURS35BSEFV,2018-10-01,285.983,NA,-5.99,-1.02
"Miami-Fort Lauderdale-West Palm Beach, FL",Miami,S35B,C3310,1233100,38,CUURS35BSEFV,2018-08-01,288.941,NA,4.41,0.72
"Miami-Fort Lauderdale-West Palm Beach, FL",Miami,S35B,C3310,1233100,38,CUURS35BSEFV,2018-06-01,286.872,NA,0.35,0.06
"Miami-Fort Lauderdale-West Palm Beach, FL",Miami,S35B,C3310,1233100,38,CUURS35BSEFV,2018-04-01,286.707,NA,7.03,1.14
"Miami-Fort Lauderdale-West Palm Beach, FL",Miami,S35B,C3310,1233100,38,CUURS35BSEFV,2018-02-01,283.48,NA,NA,NA
"New York-Newark-Jersey City, NY-NJ-PA",New York,S12A,C3562,3635620,2,CUURS12ASEFV,2023-09-01,370.998,6.01,3.59,0.59
"New York-Newark-Jersey City, NY-NJ-PA",New York,S12A,C3562,3635620,2,CUURS12ASEFV,2023-08-01,370.322,6.42,2.19,0.36
"New York-Newark-Jersey City, NY-NJ-PA",New York,S12A,C3562,3635620,2,CUURS12ASEFV,2023-07-01,368.822,6.45,5.3,0.86
"New York-Newark-Jersey City, NY-NJ-PA",New York,S12A,C3562,3635620,2,CUURS12ASEFV,2023-06-01,368.988,7.23,6.71,1.09
"New York-Newark-Jersey City, NY-NJ-PA",New York,S12A,C3562,3635620,2,CUURS12ASEFV,2023-05-01,365.661,7.13,3.28,0.54
"New York-Newark-Jersey City, NY-NJ-PA",New York,S12A,C3562,3635620,2,CUURS12ASEFV,2023-04-01,365.015,7.64,10.14,1.62
"New York-Newark-Jersey City, NY-NJ-PA",New York,S12A,C3562,3635620,2,CUURS12ASEFV,2023-03-01,363.701,8.45,7.17,1.16
"New York-Newark-Jersey City, NY-NJ-PA",New York,S12A,C3562,3635620,2,CUURS12ASEFV,2023-02-01,359.184,6.88,4.07,0.67
"New York-Newark-Jersey City, NY-NJ-PA",New York,S12A,C3562,3635620,2,CUURS12ASEFV,2023-01-01,359.527,6.48,6.98,1.13
"New York-Newark-Jersey City, NY-NJ-PA",New York,S12A,C3562,3635620,2,CUURS12ASEFV,2022-12-01,356.802,6.33,8.25,1.33
"New York-Newark-Jersey City, NY-NJ-PA",New York,S12A,C3562,3635620,2,CUURS12ASEFV,2022-11-01,355.506,6.05,9.89,1.58
"New York-Newark-Jersey City, NY-NJ-PA",New York,S12A,C3562,3635620,2,CUURS12ASEFV,2022-10-01,352.119,5.94,7.37,1.19
"New York-Newark-Jersey City, NY-NJ-PA",New York,S12A,C3562,3635620,2,CUURS12ASEFV,2022-09-01,349.964,6.02,6.2,1.01
"New York-Newark-Jersey City, NY-NJ-PA",New York,S12A,C3562,3635620,2,CUURS12ASEFV,2022-08-01,347.972,7.31,6.91,1.12
"New York-Newark-Jersey City, NY-NJ-PA",New York,S12A,C3562,3635620,2,CUURS12ASEFV,2022-07-01,346.473,7.48,9.41,1.51
"New York-Newark-Jersey City, NY-NJ-PA",New York,S12A,C3562,3635620,2,CUURS12ASEFV,2022-06-01,344.116,7.46,9.17,1.47
"New York-Newark-Jersey City, NY-NJ-PA",New York,S12A,C3562,3635620,2,CUURS12ASEFV,2022-05-01,341.316,7.28,11.11,1.77
"New York-Newark-Jersey City, NY-NJ-PA",New York,S12A,C3562,3635620,2,CUURS12ASEFV,2022-04-01,339.119,6.86,5.57,0.91
"New York-Newark-Jersey City, NY-NJ-PA",New York,S12A,C3562,3635620,2,CUURS12ASEFV,2022-03-01,335.373,5.95,-3.99,-0.68
"New York-Newark-Jersey City, NY-NJ-PA",New York,S12A,C3562,3635620,2,CUURS12ASEFV,2022-02-01,336.07,6.5,0.9,0.15
"New York-Newark-Jersey City, NY-NJ-PA",New York,S12A,C3562,3635620,2,CUURS12ASEFV,2022-01-01,337.654,7.35,4.42,0.72
"New York-Newark-Jersey City, NY-NJ-PA",New York,S12A,C3562,3635620,2,CUURS12ASEFV,2021-12-01,335.567,6.89,5.92,0.96
"New York-Newark-Jersey City, NY-NJ-PA",New York,S12A,C3562,3635620,2,CUURS12ASEFV,2021-11-01,335.227,7.23,9.67,1.55
"New York-Newark-Jersey City, NY-NJ-PA",New York,S12A,C3562,3635620,2,CUURS12ASEFV,2021-10-01,332.368,6.22,15.97,2.5
"New York-Newark-Jersey City, NY-NJ-PA",New York,S12A,C3562,3635620,2,CUURS12ASEFV,2021-09-01,330.107,6.55,15.32,2.4
"New York-Newark-Jersey City, NY-NJ-PA",New York,S12A,C3562,3635620,2,CUURS12ASEFV,2021-08-01,324.261,5.07,7.79,1.26
"New York-Newark-Jersey City, NY-NJ-PA",New York,S12A,C3562,3635620,2,CUURS12ASEFV,2021-07-01,322.358,5.2,8.17,1.32
"New York-Newark-Jersey City, NY-NJ-PA",New York,S12A,C3562,3635620,2,CUURS12ASEFV,2021-06-01,320.23,3.75,5.57,0.91
"New York-Newark-Jersey City, NY-NJ-PA",New York,S12A,C3562,3635620,2,CUURS12ASEFV,2021-05-01,318.164,3.82,3.12,0.51
"New York-Newark-Jersey City, NY-NJ-PA",New York,S12A,C3562,3635620,2,CUURS12ASEFV,2021-04-01,317.349,4.28,3.45,0.57
"New York-Newark-Jersey City, NY-NJ-PA",New York,S12A,C3562,3635620,2,CUURS12ASEFV,2021-03-01,316.538,5.31,3.9,0.64
"New York-Newark-Jersey City, NY-NJ-PA",New York,S12A,C3562,3635620,2,CUURS12ASEFV,2021-02-01,315.561,4.94,3.13,0.52
"New York-Newark-Jersey City, NY-NJ-PA",New York,S12A,C3562,3635620,2,CUURS12ASEFV,2021-01-01,314.528,4.87,3.71,0.61
"New York-Newark-Jersey City, NY-NJ-PA",New York,S12A,C3562,3635620,2,CUURS12ASEFV,2020-12-01,313.944,4.57,2,0.33
"New York-Newark-Jersey City, NY-NJ-PA",New York,S12A,C3562,3635620,2,CUURS12ASEFV,2020-11-01,312.624,4.58,5.59,0.91
"New York-Newark-Jersey City, NY-NJ-PA",New York,S12A,C3562,3635620,2,CUURS12ASEFV,2020-10-01,312.912,4.77,8.65,1.39
"New York-Newark-Jersey City, NY-NJ-PA",New York,S12A,C3562,3635620,2,CUURS12ASEFV,2020-09-01,309.803,3.66,6.78,1.1
"New York-Newark-Jersey City, NY-NJ-PA",New York,S12A,C3562,3635620,2,CUURS12ASEFV,2020-08-01,308.617,3.31,-0.09,-0.01
"New York-Newark-Jersey City, NY-NJ-PA",New York,S12A,C3562,3635620,2,CUURS12ASEFV,2020-07-01,306.433,3.31,-0.04,-0.01
"New York-Newark-Jersey City, NY-NJ-PA",New York,S12A,C3562,3635620,2,CUURS12ASEFV,2020-06-01,308.662,4.23,8.89,1.43
"New York-Newark-Jersey City, NY-NJ-PA",New York,S12A,C3562,3635620,2,CUURS12ASEFV,2020-05-01,306.452,3.72,12.34,1.96
"New York-Newark-Jersey City, NY-NJ-PA",New York,S12A,C3562,3635620,2,CUURS12ASEFV,2020-04-01,304.31,3.3,7.41,1.2
"New York-Newark-Jersey City, NY-NJ-PA",New York,S12A,C3562,3635620,2,CUURS12ASEFV,2020-03-01,300.566,2.24,1.32,0.22
"New York-Newark-Jersey City, NY-NJ-PA",New York,S12A,C3562,3635620,2,CUURS12ASEFV,2020-02-01,300.707,2.46,0.98,0.16
"New York-Newark-Jersey City, NY-NJ-PA",New York,S12A,C3562,3635620,2,CUURS12ASEFV,2020-01-01,299.909,2.65,1.96,0.32
"New York-Newark-Jersey City, NY-NJ-PA",New York,S12A,C3562,3635620,2,CUURS12ASEFV,2019-12-01,300.22,3.12,3.14,0.52
"New York-Newark-Jersey City, NY-NJ-PA",New York,S12A,C3562,3635620,2,CUURS12ASEFV,2019-11-01,298.94,2.93,0.14,0.02
"New York-Newark-Jersey City, NY-NJ-PA",New York,S12A,C3562,3635620,2,CUURS12ASEFV,2019-10-01,298.679,2.89,-0.09,-0.01
"New York-Newark-Jersey City, NY-NJ-PA",New York,S12A,C3562,3635620,2,CUURS12ASEFV,2019-09-01,298.868,2.87,4.62,0.76
"New York-Newark-Jersey City, NY-NJ-PA",New York,S12A,C3562,3635620,2,CUURS12ASEFV,2019-08-01,298.723,3.11,5.35,0.87
"New York-Newark-Jersey City, NY-NJ-PA",New York,S12A,C3562,3635620,2,CUURS12ASEFV,2019-07-01,296.627,2.43,2.38,0.39
"New York-Newark-Jersey City, NY-NJ-PA",New York,S12A,C3562,3635620,2,CUURS12ASEFV,2019-06-01,296.138,2.24,3.23,0.53
"New York-Newark-Jersey City, NY-NJ-PA",New York,S12A,C3562,3635620,2,CUURS12ASEFV,2019-05-01,295.465,2.15,3.04,0.5
"New York-Newark-Jersey City, NY-NJ-PA",New York,S12A,C3562,3635620,2,CUURS12ASEFV,2019-04-01,294.575,2.55,2.27,0.38
"New York-Newark-Jersey City, NY-NJ-PA",New York,S12A,C3562,3635620,2,CUURS12ASEFV,2019-03-01,293.993,2.88,3.81,0.62
"New York-Newark-Jersey City, NY-NJ-PA",New York,S12A,C3562,3635620,2,CUURS12ASEFV,2019-02-01,293.474,3,4.93,0.81
"New York-Newark-Jersey City, NY-NJ-PA",New York,S12A,C3562,3635620,2,CUURS12ASEFV,2019-01-01,292.168,2.84,3.66,0.6
"New York-Newark-Jersey City, NY-NJ-PA",New York,S12A,C3562,3635620,2,CUURS12ASEFV,2018-12-01,291.13,NA,1.76,0.29
"New York-Newark-Jersey City, NY-NJ-PA",New York,S12A,C3562,3635620,2,CUURS12ASEFV,2018-11-01,290.423,NA,-0.22,-0.04
"New York-Newark-Jersey City, NY-NJ-PA",New York,S12A,C3562,3635620,2,CUURS12ASEFV,2018-10-01,290.286,NA,1.22,0.2
"New York-Newark-Jersey City, NY-NJ-PA",New York,S12A,C3562,3635620,2,CUURS12ASEFV,2018-09-01,290.532,NA,1.94,0.32
"New York-Newark-Jersey City, NY-NJ-PA",New York,S12A,C3562,3635620,2,CUURS12ASEFV,2018-08-01,289.699,NA,0.13,0.02
"New York-Newark-Jersey City, NY-NJ-PA",New York,S12A,C3562,3635620,2,CUURS12ASEFV,2018-07-01,289.604,NA,0.76,0.13
"New York-Newark-Jersey City, NY-NJ-PA",New York,S12A,C3562,3635620,2,CUURS12ASEFV,2018-06-01,289.637,NA,5.12,0.84
"New York-Newark-Jersey City, NY-NJ-PA",New York,S12A,C3562,3635620,2,CUURS12ASEFV,2018-05-01,289.241,NA,7.52,1.22
"New York-Newark-Jersey City, NY-NJ-PA",New York,S12A,C3562,3635620,2,CUURS12ASEFV,2018-04-01,287.238,NA,4.96,0.81
"New York-Newark-Jersey City, NY-NJ-PA",New York,S12A,C3562,3635620,2,CUURS12ASEFV,2018-03-01,285.765,NA,3.57,0.59
"New York-Newark-Jersey City, NY-NJ-PA",New York,S12A,C3562,3635620,2,CUURS12ASEFV,2018-02-01,284.932,NA,NA,NA
"New York-Newark-Jersey City, NY-NJ-PA",New York,S12A,C3562,3635620,2,CUURS12ASEFV,2018-01-01,284.097,NA,NA,NA
"San Diego-Carlsbad, CA",San Diego,S49E,C4174,0641740,6,CUURS49ESEFV,2023-09-01,350.025,5.77,13.9,2.19
"San Diego-Carlsbad, CA",San Diego,S49E,C4174,0641740,6,CUURS49ESEFV,2023-07-01,342.513,0.9,-0.42,-0.07
"San Diego-Carlsbad, CA",San Diego,S49E,C4174,0641740,6,CUURS49ESEFV,2023-05-01,342.756,-3.96,2.31,0.38
"San Diego-Carlsbad, CA",San Diego,S49E,C4174,0641740,6,CUURS49ESEFV,2023-03-01,341.455,-2.51,-10.14,-1.77
"San Diego-Carlsbad, CA",San Diego,S49E,C4174,0641740,6,CUURS49ESEFV,2023-01-01,347.597,-2.3,24.63,3.74
"San Diego-Carlsbad, CA",San Diego,S49E,C4174,0641740,6,CUURS49ESEFV,2022-11-01,335.072,-2.71,7.78,1.26
"San Diego-Carlsbad, CA",San Diego,S49E,C4174,0641740,6,CUURS49ESEFV,2022-09-01,330.916,-3.64,-14.17,-2.51
"San Diego-Carlsbad, CA",San Diego,S49E,C4174,0641740,6,CUURS49ESEFV,2022-07-01,339.45,-2.53,-25.94,-4.88
"San Diego-Carlsbad, CA",San Diego,S49E,C4174,0641740,6,CUURS49ESEFV,2022-05-01,356.873,10.8,11.89,1.89
"San Diego-Carlsbad, CA",San Diego,S49E,C4174,0641740,6,CUURS49ESEFV,2022-03-01,350.255,9.29,-8.94,-1.55
"San Diego-Carlsbad, CA",San Diego,S49E,C4174,0641740,6,CUURS49ESEFV,2022-01-01,355.765,11.87,21.5,3.3
"San Diego-Carlsbad, CA",San Diego,S49E,C4174,0641740,6,CUURS49ESEFV,2021-11-01,344.401,10.41,1.75,0.29
"San Diego-Carlsbad, CA",San Diego,S49E,C4174,0641740,6,CUURS49ESEFV,2021-09-01,343.404,10.09,-8.11,-1.4
"San Diego-Carlsbad, CA",San Diego,S49E,C4174,0641740,6,CUURS49ESEFV,2021-07-01,348.278,11.97,59.84,8.13
"San Diego-Carlsbad, CA",San Diego,S49E,C4174,0641740,6,CUURS49ESEFV,2021-05-01,322.09,4.1,3.07,0.51
"San Diego-Carlsbad, CA",San Diego,S49E,C4174,0641740,6,CUURS49ESEFV,2021-03-01,320.471,5.64,4.7,0.77
"San Diego-Carlsbad, CA",San Diego,S49E,C4174,0641740,6,CUURS49ESEFV,2021-01-01,318.026,5.13,12.3,1.95
"San Diego-Carlsbad, CA",San Diego,S49E,C4174,0641740,6,CUURS49ESEFV,2020-11-01,311.935,4.06,-0.01,-0
"San Diego-Carlsbad, CA",San Diego,S49E,C4174,0641740,6,CUURS49ESEFV,2020-09-01,311.938,5.56,1.72,0.28
"San Diego-Carlsbad, CA",San Diego,S49E,C4174,0641740,6,CUURS49ESEFV,2020-07-01,311.055,6.22,3.24,0.53
"San Diego-Carlsbad, CA",San Diego,S49E,C4174,0641740,6,CUURS49ESEFV,2020-05-01,309.408,4.88,12.57,1.99
"San Diego-Carlsbad, CA",San Diego,S49E,C4174,0641740,6,CUURS49ESEFV,2020-03-01,303.36,1.74,1.71,0.28
"San Diego-Carlsbad, CA",San Diego,S49E,C4174,0641740,6,CUURS49ESEFV,2020-01-01,302.504,1.82,5.62,0.92
"San Diego-Carlsbad, CA",San Diego,S49E,C4174,0641740,6,CUURS49ESEFV,2019-11-01,299.759,2.28,8.98,1.44
"San Diego-Carlsbad, CA",San Diego,S49E,C4174,0641740,6,CUURS49ESEFV,2019-09-01,295.494,0.39,5.56,0.91
"San Diego-Carlsbad, CA",San Diego,S49E,C4174,0641740,6,CUURS49ESEFV,2019-07-01,292.841,2.37,-4.35,-0.74
"San Diego-Carlsbad, CA",San Diego,S49E,C4174,0641740,6,CUURS49ESEFV,2019-05-01,295.021,-0.37,-6.2,-1.06
"San Diego-Carlsbad, CA",San Diego,S49E,C4174,0641740,6,CUURS49ESEFV,2019-03-01,298.186,3.82,2.22,0.37
"San Diego-Carlsbad, CA",San Diego,S49E,C4174,0641740,6,CUURS49ESEFV,2019-01-01,297.098,4.08,8.53,1.37
"San Diego-Carlsbad, CA",San Diego,S49E,C4174,0641740,6,CUURS49ESEFV,2018-11-01,293.072,NA,-2.56,-0.43
"San Diego-Carlsbad, CA",San Diego,S49E,C4174,0641740,6,CUURS49ESEFV,2018-09-01,294.343,NA,18.66,2.89
"San Diego-Carlsbad, CA",San Diego,S49E,C4174,0641740,6,CUURS49ESEFV,2018-07-01,286.069,NA,-18.7,-3.39
"San Diego-Carlsbad, CA",San Diego,S49E,C4174,0641740,6,CUURS49ESEFV,2018-05-01,296.109,NA,20.06,3.09
"San Diego-Carlsbad, CA",San Diego,S49E,C4174,0641740,6,CUURS49ESEFV,2018-03-01,287.224,NA,3.81,0.63
"San Diego-Carlsbad, CA",San Diego,S49E,C4174,0641740,6,CUURS49ESEFV,2018-01-01,285.439,NA,NA,NA
"San Francisco-Oakland-Hayward, CA",San Francisco,S49B,C4186,0641860,21,CUURS49BSEFV,2023-08-01,406.376,6.41,4.65,0.76
"San Francisco-Oakland-Hayward, CA",San Francisco,S49B,C4186,0641860,21,CUURS49BSEFV,2023-06-01,403.309,6.6,4.27,0.7
"San Francisco-Oakland-Hayward, CA",San Francisco,S49B,C4186,0641860,21,CUURS49BSEFV,2023-04-01,400.51,7.88,2.3,0.38
"San Francisco-Oakland-Hayward, CA",San Francisco,S49B,C4186,0641860,21,CUURS49BSEFV,2023-02-01,398.992,7.83,7.26,1.18
"San Francisco-Oakland-Hayward, CA",San Francisco,S49B,C4186,0641860,21,CUURS49BSEFV,2022-12-01,394.357,9.5,6.61,1.07
"San Francisco-Oakland-Hayward, CA",San Francisco,S49B,C4186,0641860,21,CUURS49BSEFV,2022-10-01,390.174,9.03,13.75,2.17
"San Francisco-Oakland-Hayward, CA",San Francisco,S49B,C4186,0641860,21,CUURS49BSEFV,2022-08-01,381.888,7.12,5.78,0.94
"San Francisco-Oakland-Hayward, CA",San Francisco,S49B,C4186,0641860,21,CUURS49BSEFV,2022-06-01,378.329,7.12,11.96,1.9
"San Francisco-Oakland-Hayward, CA",San Francisco,S49B,C4186,0641860,21,CUURS49BSEFV,2022-04-01,371.272,5.99,2.04,0.34
"San Francisco-Oakland-Hayward, CA",San Francisco,S49B,C4186,0641860,21,CUURS49BSEFV,2022-02-01,370.023,5.74,17.63,2.74
"San Francisco-Oakland-Hayward, CA",San Francisco,S49B,C4186,0641860,21,CUURS49BSEFV,2021-12-01,360.146,3.59,3.88,0.64
"San Francisco-Oakland-Hayward, CA",San Francisco,S49B,C4186,0641860,21,CUURS49BSEFV,2021-10-01,357.869,4.06,2.29,0.38
"San Francisco-Oakland-Hayward, CA",San Francisco,S49B,C4186,0641860,21,CUURS49BSEFV,2021-08-01,356.519,4.47,5.83,0.95
"San Francisco-Oakland-Hayward, CA",San Francisco,S49B,C4186,0641860,21,CUURS49BSEFV,2021-06-01,353.169,4.21,5.06,0.83
"San Francisco-Oakland-Hayward, CA",San Francisco,S49B,C4186,0641860,21,CUURS49BSEFV,2021-04-01,350.276,5.85,0.61,0.1
"San Francisco-Oakland-Hayward, CA",San Francisco,S49B,C4186,0641860,21,CUURS49BSEFV,2021-02-01,349.922,3.31,3.98,0.65
"San Francisco-Oakland-Hayward, CA",San Francisco,S49B,C4186,0641860,21,CUURS49BSEFV,2020-12-01,347.655,5.43,6.71,1.09
"San Francisco-Oakland-Hayward, CA",San Francisco,S49B,C4186,0641860,21,CUURS49BSEFV,2020-10-01,343.914,3.79,4.75,0.78
"San Francisco-Oakland-Hayward, CA",San Francisco,S49B,C4186,0641860,21,CUURS49BSEFV,2020-08-01,341.262,3.65,4.27,0.7
"San Francisco-Oakland-Hayward, CA",San Francisco,S49B,C4186,0641860,21,CUURS49BSEFV,2020-06-01,338.892,4.22,15.33,2.41
"San Francisco-Oakland-Hayward, CA",San Francisco,S49B,C4186,0641860,21,CUURS49BSEFV,2020-04-01,330.932,2.03,-13,-2.29
"San Francisco-Oakland-Hayward, CA",San Francisco,S49B,C4186,0641860,21,CUURS49BSEFV,2020-02-01,338.7,6.28,17.44,2.72
"San Francisco-Oakland-Hayward, CA",San Francisco,S49B,C4186,0641860,21,CUURS49BSEFV,2019-12-01,329.746,4.95,-2.87,-0.48
"San Francisco-Oakland-Hayward, CA",San Francisco,S49B,C4186,0641860,21,CUURS49BSEFV,2019-10-01,331.348,6.2,3.89,0.64
"San Francisco-Oakland-Hayward, CA",San Francisco,S49B,C4186,0641860,21,CUURS49BSEFV,2019-08-01,329.247,5.94,7.74,1.25
"San Francisco-Oakland-Hayward, CA",San Francisco,S49B,C4186,0641860,21,CUURS49BSEFV,2019-06-01,325.183,7.42,1.57,0.26
"San Francisco-Oakland-Hayward, CA",San Francisco,S49B,C4186,0641860,21,CUURS49BSEFV,2019-04-01,324.339,7.61,11.15,1.78
"San Francisco-Oakland-Hayward, CA",San Francisco,S49B,C4186,0641860,21,CUURS49BSEFV,2019-02-01,318.676,6.68,8.86,1.43
"San Francisco-Oakland-Hayward, CA",San Francisco,S49B,C4186,0641860,21,CUURS49BSEFV,2018-12-01,314.197,NA,4.29,0.7
"San Francisco-Oakland-Hayward, CA",San Francisco,S49B,C4186,0641860,21,CUURS49BSEFV,2018-10-01,312.003,NA,2.35,0.39
"San Francisco-Oakland-Hayward, CA",San Francisco,S49B,C4186,0641860,21,CUURS49BSEFV,2018-08-01,310.797,NA,17.13,2.67
"San Francisco-Oakland-Hayward, CA",San Francisco,S49B,C4186,0641860,21,CUURS49BSEFV,2018-06-01,302.712,NA,2.62,0.43
"San Francisco-Oakland-Hayward, CA",San Francisco,S49B,C4186,0641860,21,CUURS49BSEFV,2018-04-01,301.409,NA,5.54,0.9
"San Francisco-Oakland-Hayward, CA",San Francisco,S49B,C4186,0641860,21,CUURS49BSEFV,2018-02-01,298.714,NA,NA,NA
"Tampa-St. Petersburg-Clearwater, FL",Tampa,S35D,C4530,1245300,43,CUURS35DSEFV,2023-09-01,286.342,7.25,1.86,0.31
"Tampa-St. Petersburg-Clearwater, FL",Tampa,S35D,C4530,1245300,43,CUURS35DSEFV,2023-07-01,285.463,10.98,5.09,0.83
"Tampa-St. Petersburg-Clearwater, FL",Tampa,S35D,C4530,1245300,43,CUURS35DSEFV,2023-05-01,283.112,11.61,10.93,1.74
"Tampa-St. Petersburg-Clearwater, FL",Tampa,S35D,C4530,1245300,43,CUURS35DSEFV,2023-03-01,278.26,9.41,13.09,2.07
"Tampa-St. Petersburg-Clearwater, FL",Tampa,S35D,C4530,1245300,43,CUURS35DSEFV,2023-01-01,272.615,8.05,6.63,1.08
"Tampa-St. Petersburg-Clearwater, FL",Tampa,S35D,C4530,1245300,43,CUURS35DSEFV,2022-11-01,269.713,8.4,6.31,1.03
"Tampa-St. Petersburg-Clearwater, FL",Tampa,S35D,C4530,1245300,43,CUURS35DSEFV,2022-09-01,266.975,8.28,25,3.79
"Tampa-St. Petersburg-Clearwater, FL",Tampa,S35D,C4530,1245300,43,CUURS35DSEFV,2022-07-01,257.23,5.54,8.77,1.41
"Tampa-St. Petersburg-Clearwater, FL",Tampa,S35D,C4530,1245300,43,CUURS35DSEFV,2022-05-01,253.651,4.98,-1.57,-0.26
"Tampa-St. Petersburg-Clearwater, FL",Tampa,S35D,C4530,1245300,43,CUURS35DSEFV,2022-03-01,254.323,4.92,4.88,0.8
"Tampa-St. Petersburg-Clearwater, FL",Tampa,S35D,C4530,1245300,43,CUURS35DSEFV,2022-01-01,252.312,4.86,8.73,1.4
"Tampa-St. Petersburg-Clearwater, FL",Tampa,S35D,C4530,1245300,43,CUURS35DSEFV,2021-11-01,248.817,3.6,5.63,0.92
"Tampa-St. Petersburg-Clearwater, FL",Tampa,S35D,C4530,1245300,43,CUURS35DSEFV,2021-09-01,246.555,3.16,7.19,1.16
"Tampa-St. Petersburg-Clearwater, FL",Tampa,S35D,C4530,1245300,43,CUURS35DSEFV,2021-07-01,243.719,2.2,5.34,0.87
"Tampa-St. Petersburg-Clearwater, FL",Tampa,S35D,C4530,1245300,43,CUURS35DSEFV,2021-05-01,241.615,1.09,-1.94,-0.33
"Tampa-St. Petersburg-Clearwater, FL",Tampa,S35D,C4530,1245300,43,CUURS35DSEFV,2021-03-01,242.404,2.06,4.53,0.74
"Tampa-St. Petersburg-Clearwater, FL",Tampa,S35D,C4530,1245300,43,CUURS35DSEFV,2021-01-01,240.62,1.64,1.13,0.19
"Tampa-St. Petersburg-Clearwater, FL",Tampa,S35D,C4530,1245300,43,CUURS35DSEFV,2020-11-01,240.17,3.32,2.97,0.49
"Tampa-St. Petersburg-Clearwater, FL",Tampa,S35D,C4530,1245300,43,CUURS35DSEFV,2020-09-01,239.002,3.69,1.35,0.22
"Tampa-St. Petersburg-Clearwater, FL",Tampa,S35D,C4530,1245300,43,CUURS35DSEFV,2020-07-01,238.469,3.22,-1.33,-0.22
"Tampa-St. Petersburg-Clearwater, FL",Tampa,S35D,C4530,1245300,43,CUURS35DSEFV,2020-05-01,239.002,3.63,3.82,0.63
"Tampa-St. Petersburg-Clearwater, FL",Tampa,S35D,C4530,1245300,43,CUURS35DSEFV,2020-03-01,237.515,4.37,1.98,0.33
"Tampa-St. Petersburg-Clearwater, FL",Tampa,S35D,C4530,1245300,43,CUURS35DSEFV,2020-01-01,236.739,4.68,11.56,1.84
"Tampa-St. Petersburg-Clearwater, FL",Tampa,S35D,C4530,1245300,43,CUURS35DSEFV,2019-11-01,232.462,3.97,5.24,0.86
"Tampa-St. Petersburg-Clearwater, FL",Tampa,S35D,C4530,1245300,43,CUURS35DSEFV,2019-09-01,230.49,2.87,-1.4,-0.24
"Tampa-St. Petersburg-Clearwater, FL",Tampa,S35D,C4530,1245300,43,CUURS35DSEFV,2019-07-01,231.033,4.23,1.06,0.18
"Tampa-St. Petersburg-Clearwater, FL",Tampa,S35D,C4530,1245300,43,CUURS35DSEFV,2019-05-01,230.626,4.64,8.32,1.34
"Tampa-St. Petersburg-Clearwater, FL",Tampa,S35D,C4530,1245300,43,CUURS35DSEFV,2019-03-01,227.574,3.48,3.8,0.62
"Tampa-St. Petersburg-Clearwater, FL",Tampa,S35D,C4530,1245300,43,CUURS35DSEFV,2019-01-01,226.164,3,7.15,1.16
"Tampa-St. Petersburg-Clearwater, FL",Tampa,S35D,C4530,1245300,43,CUURS35DSEFV,2018-11-01,223.576,NA,-1.31,-0.22
"Tampa-St. Petersburg-Clearwater, FL",Tampa,S35D,C4530,1245300,43,CUURS35DSEFV,2018-09-01,224.068,NA,6.73,1.09
"Tampa-St. Petersburg-Clearwater, FL",Tampa,S35D,C4530,1245300,43,CUURS35DSEFV,2018-07-01,221.65,NA,3.46,0.57
"Tampa-St. Petersburg-Clearwater, FL",Tampa,S35D,C4530,1245300,43,CUURS35DSEFV,2018-05-01,220.396,NA,1.33,0.22
"Tampa-St. Petersburg-Clearwater, FL",Tampa,S35D,C4530,1245300,43,CUURS35DSEFV,2018-03-01,219.912,NA,0.92,0.15
"Tampa-St. Petersburg-Clearwater, FL",Tampa,S35D,C4530,1245300,43,CUURS35DSEFV,2018-01-01,219.578,NA,NA,NA
U.S. city average,U.S.,0000,US000,0000000,0,CUUR0000SEFV,2023-09-01,357.488,5.96,4.52,0.74
U.S. city average,U.S.,0000,US000,0000000,0,CUUR0000SEFV,2023-08-01,356.083,6.54,3.15,0.52
U.S. city average,U.S.,0000,US000,0000000,0,CUUR0000SEFV,2023-07-01,354.862,7.1,3.4,0.56
U.S. city average,U.S.,0000,US000,0000000,0,CUUR0000SEFV,2023-06-01,354.245,7.66,5.25,0.86
U.S. city average,U.S.,0000,US000,0000000,0,CUUR0000SEFV,2023-05-01,352.892,8.27,5.16,0.84
U.S. city average,U.S.,0000,US000,0000000,0,CUUR0000SEFV,2023-04-01,351.237,8.55,5.95,0.97
U.S. city average,U.S.,0000,US000,0000000,0,CUUR0000SEFV,2023-03-01,349.944,8.78,7.64,1.23
U.S. city average,U.S.,0000,US000,0000000,0,CUUR0000SEFV,2023-02-01,347.869,8.41,7.77,1.25
U.S. city average,U.S.,0000,US000,0000000,0,CUUR0000SEFV,2023-01-01,345.677,8.2,6.13,1
U.S. city average,U.S.,0000,US000,0000000,0,CUUR0000SEFV,2022-12-01,343.559,8.25,5.45,0.89
U.S. city average,U.S.,0000,US000,0000000,0,CUUR0000SEFV,2022-11-01,342.266,8.49,9.03,1.45
U.S. city average,U.S.,0000,US000,0000000,0,CUUR0000SEFV,2022-10-01,340.532,8.59,11.9,1.89
U.S. city average,U.S.,0000,US000,0000000,0,CUUR0000SEFV,2022-09-01,337.369,8.48,11.42,1.82
U.S. city average,U.S.,0000,US000,0000000,0,CUUR0000SEFV,2022-08-01,334.212,8.04,9.82,1.57
U.S. city average,U.S.,0000,US000,0000000,0,CUUR0000SEFV,2022-07-01,331.342,7.57,10.34,1.65
U.S. city average,U.S.,0000,US000,0000000,0,CUUR0000SEFV,2022-06-01,329.033,7.66,10.59,1.69
U.S. city average,U.S.,0000,US000,0000000,0,CUUR0000SEFV,2022-05-01,325.952,7.4,8.22,1.33
U.S. city average,U.S.,0000,US000,0000000,0,CUUR0000SEFV,2022-04-01,323.559,7.2,5.12,0.83
U.S. city average,U.S.,0000,US000,0000000,0,CUUR0000SEFV,2022-03-01,321.689,6.91,4.24,0.69
U.S. city average,U.S.,0000,US000,0000000,0,CUUR0000SEFV,2022-02-01,320.88,6.77,6.82,1.11
U.S. city average,U.S.,0000,US000,0000000,0,CUUR0000SEFV,2022-01-01,319.471,6.35,7.83,1.26
U.S. city average,U.S.,0000,US000,0000000,0,CUUR0000SEFV,2021-12-01,317.372,6.01,7.45,1.21
U.S. city average,U.S.,0000,US000,0000000,0,CUUR0000SEFV,2021-11-01,315.481,5.78,8.97,1.44
U.S. city average,U.S.,0000,US000,0000000,0,CUUR0000SEFV,2021-10-01,313.592,5.27,8.54,1.38
U.S. city average,U.S.,0000,US000,0000000,0,CUUR0000SEFV,2021-09-01,310.996,4.68,5.93,0.97
U.S. city average,U.S.,0000,US000,0000000,0,CUUR0000SEFV,2021-08-01,309.336,4.7,7.49,1.21
U.S. city average,U.S.,0000,US000,0000000,0,CUUR0000SEFV,2021-07-01,308.023,4.56,9.32,1.5
U.S. city average,U.S.,0000,US000,0000000,0,CUUR0000SEFV,2021-06-01,305.634,4.23,7.83,1.26
U.S. city average,U.S.,0000,US000,0000000,0,CUUR0000SEFV,2021-05-01,303.481,4.04,5.26,0.86
U.S. city average,U.S.,0000,US000,0000000,0,CUUR0000SEFV,2021-04-01,301.819,3.85,2.58,0.43
U.S. city average,U.S.,0000,US000,0000000,0,CUUR0000SEFV,2021-03-01,300.897,3.68,1.03,0.17
U.S. city average,U.S.,0000,US000,0000000,0,CUUR0000SEFV,2021-02-01,300.54,3.71,2.37,0.39
U.S. city average,U.S.,0000,US000,0000000,0,CUUR0000SEFV,2021-01-01,300.382,3.89,4.36,0.71
U.S. city average,U.S.,0000,US000,0000000,0,CUUR0000SEFV,2020-12-01,299.369,3.92,3.01,0.5
U.S. city average,U.S.,0000,US000,0000000,0,CUUR0000SEFV,2020-11-01,298.253,3.83,2.39,0.39
U.S. city average,U.S.,0000,US000,0000000,0,CUUR0000SEFV,2020-10-01,297.893,3.87,5.09,0.83
U.S. city average,U.S.,0000,US000,0000000,0,CUUR0000SEFV,2020-09-01,297.08,3.78,5.16,0.84
U.S. city average,U.S.,0000,US000,0000000,0,CUUR0000SEFV,2020-08-01,295.437,3.48,4.63,0.76
U.S. city average,U.S.,0000,US000,0000000,0,CUUR0000SEFV,2020-07-01,294.599,3.41,6.09,0.99
U.S. city average,U.S.,0000,US000,0000000,0,CUUR0000SEFV,2020-06-01,293.219,3.13,5.45,0.89
U.S. city average,U.S.,0000,US000,0000000,0,CUUR0000SEFV,2020-05-01,291.709,2.93,3.13,0.51
U.S. city average,U.S.,0000,US000,0000000,0,CUUR0000SEFV,2020-04-01,290.639,2.77,1.79,0.3
U.S. city average,U.S.,0000,US000,0000000,0,CUUR0000SEFV,2020-03-01,290.216,2.95,2.26,0.37
U.S. city average,U.S.,0000,US000,0000000,0,CUUR0000SEFV,2020-02-01,289.781,2.99,3.6,0.59
U.S. city average,U.S.,0000,US000,0000000,0,CUUR0000SEFV,2020-01-01,289.137,3.12,4,0.66
U.S. city average,U.S.,0000,US000,0000000,0,CUUR0000SEFV,2019-12-01,288.078,3.1,2.72,0.45
U.S. city average,U.S.,0000,US000,0000000,0,CUUR0000SEFV,2019-11-01,287.255,3.22,2.13,0.35
U.S. city average,U.S.,0000,US000,0000000,0,CUUR0000SEFV,2019-10-01,286.791,3.34,2.73,0.45
U.S. city average,U.S.,0000,US000,0000000,0,CUUR0000SEFV,2019-09-01,286.246,3.24,2.89,0.48
U.S. city average,U.S.,0000,US000,0000000,0,CUUR0000SEFV,2019-08-01,285.507,3.2,2.54,0.42
U.S. city average,U.S.,0000,US000,0000000,0,CUUR0000SEFV,2019-07-01,284.891,3.17,3.21,0.53
U.S. city average,U.S.,0000,US000,0000000,0,CUUR0000SEFV,2019-06-01,284.316,3.08,3.26,0.54
U.S. city average,U.S.,0000,US000,0000000,0,CUUR0000SEFV,2019-05-01,283.394,2.94,3.25,0.53
U.S. city average,U.S.,0000,US000,0000000,0,CUUR0000SEFV,2019-04-01,282.798,3.06,3.08,0.51
U.S. city average,U.S.,0000,US000,0000000,0,CUUR0000SEFV,2019-03-01,281.887,2.98,3.27,0.54
U.S. city average,U.S.,0000,US000,0000000,0,CUUR0000SEFV,2019-02-01,281.373,2.9,4.27,0.7
U.S. city average,U.S.,0000,US000,0000000,0,CUUR0000SEFV,2019-01-01,280.38,2.79,4.56,0.75
U.S. city average,U.S.,0000,US000,0000000,0,CUUR0000SEFV,2018-12-01,279.419,NA,4.19,0.69
U.S. city average,U.S.,0000,US000,0000000,0,CUUR0000SEFV,2018-11-01,278.306,NA,2.29,0.38
U.S. city average,U.S.,0000,US000,0000000,0,CUUR0000SEFV,2018-10-01,277.513,NA,1.89,0.31
U.S. city average,U.S.,0000,US000,0000000,0,CUUR0000SEFV,2018-09-01,277.258,NA,2.49,0.41
U.S. city average,U.S.,0000,US000,0000000,0,CUUR0000SEFV,2018-08-01,276.648,NA,1.84,0.3
U.S. city average,U.S.,0000,US000,0000000,0,CUUR0000SEFV,2018-07-01,276.125,NA,1.8,0.3
U.S. city average,U.S.,0000,US000,0000000,0,CUUR0000SEFV,2018-06-01,275.808,NA,3.13,0.52
U.S. city average,U.S.,0000,US000,0000000,0,CUUR0000SEFV,2018-05-01,275.307,NA,3.5,0.58
U.S. city average,U.S.,0000,US000,0000000,0,CUUR0000SEFV,2018-04-01,274.393,NA,2.12,0.35
U.S. city average,U.S.,0000,US000,0000000,0,CUUR0000SEFV,2018-03-01,273.733,NA,2.13,0.35
U.S. city average,U.S.,0000,US000,0000000,0,CUUR0000SEFV,2018-02-01,273.435,NA,NA,NA
U.S. city average,U.S.,0000,US000,0000000,0,CUUR0000SEFV,2018-01-01,272.772,NA,NA,NA
"Urban Honolulu, HI MSA",Honolulu,S49F,C4652,1546520,48,CUURS49FSEFV,2023-09-01,374.447,10.56,11.58,1.84
"Urban Honolulu, HI MSA",Honolulu,S49F,C4652,1546520,48,CUURS49FSEFV,2023-07-01,367.669,9.64,8.99,1.44
"Urban Honolulu, HI MSA",Honolulu,S49F,C4652,1546520,48,CUURS49FSEFV,2023-05-01,362.434,10.01,13.4,2.12
"Urban Honolulu, HI MSA",Honolulu,S49F,C4652,1546520,48,CUURS49FSEFV,2023-03-01,354.915,9.17,6.06,0.99
"Urban Honolulu, HI MSA",Honolulu,S49F,C4652,1546520,48,CUURS49FSEFV,2023-01-01,351.45,9.4,2.47,0.41
"Urban Honolulu, HI MSA",Honolulu,S49F,C4652,1546520,48,CUURS49FSEFV,2022-11-01,350.023,10.34,21.85,3.35
"Urban Honolulu, HI MSA",Honolulu,S49F,C4652,1546520,48,CUURS49FSEFV,2022-09-01,338.681,8.22,6.15,1
"Urban Honolulu, HI MSA",Honolulu,S49F,C4652,1546520,48,CUURS49FSEFV,2022-07-01,335.33,8.59,11.19,1.78
"Urban Honolulu, HI MSA",Honolulu,S49F,C4652,1546520,48,CUURS49FSEFV,2022-05-01,329.456,6.79,8.34,1.34
"Urban Honolulu, HI MSA",Honolulu,S49F,C4652,1546520,48,CUURS49FSEFV,2022-03-01,325.089,6.57,7.39,1.19
"Urban Honolulu, HI MSA",Honolulu,S49F,C4652,1546520,48,CUURS49FSEFV,2022-01-01,321.251,6.3,7.85,1.27
"Urban Honolulu, HI MSA",Honolulu,S49F,C4652,1546520,48,CUURS49FSEFV,2021-11-01,317.23,6.69,8.46,1.36
"Urban Honolulu, HI MSA",Honolulu,S49F,C4652,1546520,48,CUURS49FSEFV,2021-09-01,312.963,0.92,8.33,1.34
"Urban Honolulu, HI MSA",Honolulu,S49F,C4652,1546520,48,CUURS49FSEFV,2021-07-01,308.816,-0.71,0.59,0.1
"Urban Honolulu, HI MSA",Honolulu,S49F,C4652,1546520,48,CUURS49FSEFV,2021-05-01,308.513,3.98,7,1.13
"Urban Honolulu, HI MSA",Honolulu,S49F,C4652,1546520,48,CUURS49FSEFV,2021-03-01,305.053,3.06,5.8,0.94
"Urban Honolulu, HI MSA",Honolulu,S49F,C4652,1546520,48,CUURS49FSEFV,2021-01-01,302.198,2.16,10.23,1.64
"Urban Honolulu, HI MSA",Honolulu,S49F,C4652,1546520,48,CUURS49FSEFV,2020-11-01,297.334,0.56,-22.29,-4.12
"Urban Honolulu, HI MSA",Honolulu,S49F,C4652,1546520,48,CUURS49FSEFV,2020-09-01,310.097,5.19,-1.76,-0.29
"Urban Honolulu, HI MSA",Honolulu,S49F,C4652,1546520,48,CUURS49FSEFV,2020-07-01,311.014,5.53,32.65,4.82
"Urban Honolulu, HI MSA",Honolulu,S49F,C4652,1546520,48,CUURS49FSEFV,2020-05-01,296.709,0.12,1.48,0.24
"Urban Honolulu, HI MSA",Honolulu,S49F,C4652,1546520,48,CUURS49FSEFV,2020-03-01,295.985,0.19,0.37,0.06
"Urban Honolulu, HI MSA",Honolulu,S49F,C4652,1546520,48,CUURS49FSEFV,2020-01-01,295.804,0.43,0.23,0.04
"Urban Honolulu, HI MSA",Honolulu,S49F,C4652,1546520,48,CUURS49FSEFV,2019-11-01,295.69,2.28,1.85,0.31
"Urban Honolulu, HI MSA",Honolulu,S49F,C4652,1546520,48,CUURS49FSEFV,2019-09-01,294.786,2.87,0.13,0.02
"Urban Honolulu, HI MSA",Honolulu,S49F,C4652,1546520,48,CUURS49FSEFV,2019-07-01,294.721,3.05,-3.29,-0.56
"Urban Honolulu, HI MSA",Honolulu,S49F,C4652,1546520,48,CUURS49FSEFV,2019-05-01,296.367,4.16,1.96,0.32
"Urban Honolulu, HI MSA",Honolulu,S49F,C4652,1546520,48,CUURS49FSEFV,2019-03-01,295.412,3.82,1.82,0.3
"Urban Honolulu, HI MSA",Honolulu,S49F,C4652,1546520,48,CUURS49FSEFV,2019-01-01,294.526,4.12,11.81,1.88
"Urban Honolulu, HI MSA",Honolulu,S49F,C4652,1546520,48,CUURS49FSEFV,2018-11-01,289.099,NA,5.41,0.88
"Urban Honolulu, HI MSA",Honolulu,S49F,C4652,1546520,48,CUURS49FSEFV,2018-09-01,286.57,NA,1.19,0.2
"Urban Honolulu, HI MSA",Honolulu,S49F,C4652,1546520,48,CUURS49FSEFV,2018-07-01,286.006,NA,3.14,0.52
"Urban Honolulu, HI MSA",Honolulu,S49F,C4652,1546520,48,CUURS49FSEFV,2018-05-01,284.535,NA,0,0
"Urban Honolulu, HI MSA",Honolulu,S49F,C4652,1546520,48,CUURS49FSEFV,2018-03-01,284.535,NA,3.59,0.59
"Urban Honolulu, HI MSA",Honolulu,S49F,C4652,1546520,48,CUURS49FSEFV,2018-01-01,282.869,NA,NA,NA
